,Variable,SHAP_abs,Corr,Sign
470,WindowCombinationDrugs_lovastatin-lovastatin-40-40,0.0,0.0,blue
619,Drug_DailyDosage_DurationDose_metformin-1000-540,0.0,0.0,blue
620,Drug_DailyDosage_DurationDose_metoprolol-50-360,0.0,0.0,blue
621,Drug_DailyDosage_DurationDose_metoprolol-50-540,0.0,0.0,blue
622,WindowCombinationDrugs_atorvastatin-atorvastatin-atorvastatin-metformin-metoprolol-metoprolol-metoprolol-80-80-80-1000-50-50-50,0.0,0.0,blue
623,WindowCombinationDrugs_atorvastatin-atorvastatin-metformin-metformin-metoprolol-metoprolol-metoprolol-metoprolol-80-80-1000-1000-50-50-50-50,0.0,0.0,blue
624,Drug_DailyDosage_DurationDose_metformin-1000-360,0.0,0.0,blue
625,WindowCombinationDrugs_atorvastatin-metformin-metformin-metoprolol-metoprolol-metoprolol-80-1000-1000-50-50-50,0.0,0.0,blue
626,WindowCombinationDrugs_metformin-metformin-metformin-metoprolol-1000-1000-1000-50,0.0,0.0,blue
627,WindowCombinationDrugs_atorvastatin-losartan-losartan-metformin-20-100-100-2000,0.0,0.0,blue
628,WindowCombinationDrugs_atorvastatin-atorvastatin-losartan-losartan-metformin-metformin-20-40-100-100-2000-2000,0.0,0.0,blue
629,WindowCombinationDrugs_atorvastatin-atorvastatin-atorvastatin-40-20-20,0.0,0.0,blue
630,WindowCombinationDrugs_atorvastatin-atorvastatin-atorvastatin-losartan-metformin-20-80-20-100-2000,0.0,0.0,blue
631,Drug_DailyDosage_DurationDose_atorvastatin-80-30,0.0,0.0,blue
632,WindowCombinationDrugs_atorvastatin-atorvastatin-losartan-metformin-80-20-100-2000,0.0,0.0,blue
633,Drug_DailyDosage_DurationDose_losartan-50-270,0.0,0.0,blue
634,WindowCombinationDrugs_atorvastatin-losartan-losartan-metoprolol-40-50-50-50,0.0,0.0,blue
635,Drug_DailyDosage_DurationDose_losartan-50-34,0.0,0.0,blue
636,WindowCombinationDrugs_atorvastatin-losartan-metoprolol-40-50-50,0.0,0.0,blue
637,WindowCombinationDrugs_losartan-losartan-metoprolol-50-50-50,0.0,0.0,blue
638,Drug_DailyDosage_DurationDose_metoprolol-50-45,0.0,0.0,blue
639,WindowCombinationDrugs_losartan-metformin-metformin-metformin-100-1000-1000-500,0.0,0.0,blue
640,WindowCombinationDrugs_metformin-metformin-1000-500,0.0,0.0,blue
641,WindowCombinationDrugs_losartan-losartan-metoprolol-metoprolol-simvastatin-simvastatin-50-50-50-50-20-20,0.0,0.0,blue
642,Drug_DailyDosage_DurationDose_losartan-50-10,0.0,0.0,blue
643,Drug_DailyDosage_DurationDose_metoprolol-50-10,0.0,0.0,blue
618,WindowCombinationDrugs_atorvastatin-atorvastatin-atorvastatin-metformin-metoprolol-metoprolol-80-80-80-1000-50-50,0.0,0.0,blue
644,Drug_DailyDosage_DurationDose_simvastatin-20-10,0.0,0.0,blue
617,WindowCombinationDrugs_carvedilol-metformin-12.5-500,0.0,0.0,blue
615,WindowCombinationDrugs_rosuvastatin-valsartan-valsartan-20-320-320,0.0,0.0,blue
590,WindowCombinationDrugs_atorvastatin-atorvastatin-losartan-losartan-losartan-metformin-metformin-metformin-40-40-100-50-100-1000-1000-1000,0.0,0.0,blue
591,WindowCombinationDrugs_atorvastatin-losartan-metformin-metformin-40-100-1000-1000,0.0,0.0,blue
592,WindowCombinationDrugs_metformin-simvastatin-2000-20,0.0,0.0,blue
593,WindowCombinationDrugs_losartan-simvastatin-50-20,0.0,0.0,blue
594,WindowCombinationDrugs_losartan-simvastatin-simvastatin-50-20-20,0.0,0.0,blue
595,WindowCombinationDrugs_metoprolol-rosuvastatin-50-20,0.0,0.0,blue
596,Drug_DailyDosage_DurationDose_metoprolol-100-60,0.0,0.0,blue
597,WindowCombinationDrugs_lovastatin-metformin-metoprolol-metoprolol-40-500-100-100,0.0,0.0,blue
598,WindowCombinationDrugs_metformin-metoprolol-500-100,0.0,0.0,blue
599,WindowCombinationDrugs_lovastatin-metformin-metformin-metoprolol-40-500-500-100,0.0,0.0,blue
600,Drug_DailyDosage_DurationDose_metformin-1000-100,0.0,0.0,blue
601,WindowCombinationDrugs_irbesartan-metformin-metoprolol-metoprolol-300-2000-25-100,0.0,0.0,blue
602,Drug_DailyDosage_DurationDose_irbesartan-300-45,0.0,0.0,blue
603,Drug_DailyDosage_DurationDose_metoprolol-25-330,0.0,0.0,blue
604,WindowCombinationDrugs_irbesartan-metoprolol-metoprolol-300-25-100,0.0,0.0,blue
605,WindowCombinationDrugs_metformin-metoprolol-metoprolol-2000-25-100,0.0,0.0,blue
606,WindowCombinationDrugs_atorvastatin-metoprolol-10-100,0.0,0.0,blue
607,WindowCombinationDrugs_atorvastatin-rosuvastatin-10-5,0.0,0.0,blue
608,WindowCombinationDrugs_atorvastatin-atorvastatin-atorvastatin-metformin-metformin-rosuvastatin-rosuvastatin-10-10-10-1000-1000-5-5,0.0,0.0,blue
609,WindowCombinationDrugs_atorvastatin-metformin-10-1000,0.0,0.0,blue
610,WindowCombinationDrugs_atenolol-atenolol-50-50,0.0,0.0,blue
611,WindowCombinationDrugs_atorvastatin-atorvastatin-atorvastatin-metformin-10-10-10-500,0.0,0.0,blue
612,WindowCombinationDrugs_rosuvastatin-valsartan-valsartan-valsartan-20-320-320-80,0.0,0.0,blue
613,Drug_DailyDosage_DurationDose_valsartan-80-90,0.0,0.0,blue
614,WindowCombinationDrugs_rosuvastatin-valsartan-valsartan-valsartan-20-320-80-320,0.0,0.0,blue
616,WindowCombinationDrugs_rosuvastatin-rosuvastatin-valsartan-valsartan-20-20-320-320,0.0,0.0,blue
645,WindowCombinationDrugs_losartan-losartan-losartan-metoprolol-metoprolol-metoprolol-simvastatin-simvastatin-simvastatin-50-50-50-50-50-50-20-20-20,0.0,0.0,blue
646,WindowCombinationDrugs_losartan-metoprolol-simvastatin-50-50-20,0.0,0.0,blue
647,WindowCombinationDrugs_metformin-metformin-2000-1000,0.0,0.0,blue
679,WindowCombinationDrugs_metoprolol-metoprolol-metoprolol-metoprolol-valsartan-valsartan-valsartan-valsartan-valsartan-valsartan-50-50-50-50-320-320-320-320-320-320,0.0,0.0,blue
680,WindowCombinationDrugs_metoprolol-metoprolol-metoprolol-simvastatin-valsartan-valsartan-valsartan-valsartan-valsartan-valsartan-50-50-50-20-320-320-320-320-320-320,0.0,0.0,blue
681,WindowCombinationDrugs_metoprolol-metoprolol-simvastatin-simvastatin-valsartan-valsartan-valsartan-50-50-20-20-320-320-320,0.0,0.0,blue
682,WindowCombinationDrugs_metoprolol-simvastatin-valsartan-50-20-320,0.0,0.0,blue
683,WindowCombinationDrugs_atenolol-atenolol-metformin-metformin-simvastatin-simvastatin-100-100-1000-1000-40-40,0.0,0.0,blue
684,Drug_DailyDosage_DurationDose_atenolol-100-120,0.0,0.0,blue
685,Drug_DailyDosage_DurationDose_metformin-1000-45,0.0,0.0,blue
686,WindowCombinationDrugs_atenolol-atenolol-atenolol-atenolol-metformin-simvastatin-simvastatin-100-100-100-100-1000-40-40,0.0,0.0,blue
687,WindowCombinationDrugs_atenolol-atenolol-atenolol-metformin-simvastatin-100-100-100-1000-40,0.0,0.0,blue
688,WindowCombinationDrugs_atenolol-metformin-metformin-simvastatin-100-1000-1000-40,0.0,0.0,blue
689,WindowCombinationDrugs_atenolol-atenolol-metformin-metformin-simvastatin-100-100-1000-1000-40,0.0,0.0,blue
690,WindowCombinationDrugs_metformin-simvastatin-2550-20,0.0,0.0,blue
691,Drug_DailyDosage_DurationDose_metformin-2550-90,0.0,0.0,blue
692,WindowCombinationDrugs_metformin-metformin-simvastatin-simvastatin-2550-2550-20-20,0.0,0.0,blue
693,WindowCombinationDrugs_metformin-metformin-simvastatin-2550-2550-20,0.0,0.0,blue
694,WindowCombinationDrugs_atorvastatin-metoprolol-10-50,0.0,0.0,blue
695,WindowCombinationDrugs_atorvastatin-atorvastatin-metoprolol-metoprolol-10-10-50-50,0.0,0.0,blue
696,WindowCombinationDrugs_metformin-metformin-simvastatin-simvastatin-simvastatin-500-500-20-20-20,0.0,0.0,blue
697,WindowCombinationDrugs_metformin-metformin-simvastatin-simvastatin-500-500-20-20,0.0,0.0,blue
698,WindowCombinationDrugs_metformin-metformin-metoprolol-metoprolol-simvastatin-500-500-50-50-20,0.0,0.0,blue
699,WindowCombinationDrugs_metformin-metoprolol-simvastatin-500-50-20,0.0,0.0,blue
700,WindowCombinationDrugs_metformin-rosuvastatin-rosuvastatin-1000-20-20,0.0,0.0,blue
701,WindowCombinationDrugs_metformin-rosuvastatin-1000-20,0.0,0.0,blue
702,WindowCombinationDrugs_losartan-losartan-metformin-rosuvastatin-25-25-1000-20,0.0,0.0,blue
703,WindowCombinationDrugs_rosuvastatin-rosuvastatin-rosuvastatin-10-10-10,0.0,0.0,blue
678,WindowCombinationDrugs_metoprolol-metoprolol-metoprolol-metoprolol-valsartan-valsartan-50-50-50-50-320-320,0.0,0.0,blue
677,WindowCombinationDrugs_metformin-metformin-simvastatin-500-500-40,0.0,0.0,blue
676,WindowCombinationDrugs_lovastatin-metoprolol-20-25,0.0,0.0,blue
675,WindowCombinationDrugs_metformin-metoprolol-500-25,0.0,0.0,blue
648,WindowCombinationDrugs_metoprolol-metoprolol-simvastatin-simvastatin-50-50-40-40,0.0,0.0,blue
649,WindowCombinationDrugs_metoprolol-simvastatin-50-40,0.0,0.0,blue
650,WindowCombinationDrugs_metoprolol-simvastatin-simvastatin-50-40-40,0.0,0.0,blue
651,WindowCombinationDrugs_atorvastatin-metformin-10-2000,0.0,0.0,blue
652,WindowCombinationDrugs_atorvastatin-atorvastatin-losartan-20-20-100,0.0,0.0,blue
653,WindowCombinationDrugs_atorvastatin-atorvastatin-losartan-losartan-20-20-100-100,0.0,0.0,blue
654,WindowCombinationDrugs_atorvastatin-losartan-20-100,0.0,0.0,blue
655,WindowCombinationDrugs_atorvastatin-atorvastatin-atorvastatin-atorvastatin-valsartan-valsartan-10-10-10-10-160-160,0.0,0.0,blue
656,WindowCombinationDrugs_atorvastatin-atorvastatin-atorvastatin-atorvastatin-valsartan-10-10-10-10-160,0.0,0.0,blue
657,Drug_DailyDosage_DurationDose_valsartan-160-150,0.0,0.0,blue
658,WindowCombinationDrugs_atorvastatin-atorvastatin-valsartan-10-10-160,0.0,0.0,blue
659,WindowCombinationDrugs_losartan-losartan-losartan-metformin-100-100-100-1000,0.0,0.0,blue
589,WindowCombinationDrugs_atorvastatin-losartan-losartan-metformin-40-100-50-1000,0.0,0.0,blue
660,WindowCombinationDrugs_metoprolol-valsartan-200-320,0.0,0.0,blue
662,WindowCombinationDrugs_metoprolol-metoprolol-metoprolol-valsartan-valsartan-200-200-200-160-160,0.0,0.0,blue
663,WindowCombinationDrugs_metoprolol-metoprolol-valsartan-valsartan-200-200-160-160,0.0,0.0,blue
664,WindowCombinationDrugs_metoprolol-valsartan-200-160,0.0,0.0,blue
665,WindowCombinationDrugs_carvedilol-carvedilol-metformin-metformin-50-50-2000-2000,0.0,0.0,blue
666,Drug_DailyDosage_DurationDose_carvedilol-50-45,0.0,0.0,blue
667,Drug_DailyDosage_DurationDose_metformin-2000-270,0.0,0.0,blue
668,WindowCombinationDrugs_carvedilol-carvedilol-carvedilol-metformin-metformin-50-50-50-2000-2000,0.0,0.0,blue
669,WindowCombinationDrugs_metformin-metformin-2000-2000,0.0,0.0,blue
670,WindowCombinationDrugs_losartan-losartan-50-50,0.0,0.0,blue
671,WindowCombinationDrugs_atorvastatin-atorvastatin-metoprolol-80-40-50,0.0,0.0,blue
672,WindowCombinationDrugs_atorvastatin-metoprolol-40-50,0.0,0.0,blue
673,WindowCombinationDrugs_atorvastatin-atorvastatin-metoprolol-metoprolol-40-80-25-50,0.0,0.0,blue
661,WindowCombinationDrugs_metoprolol-metoprolol-valsartan-valsartan-valsartan-valsartan-valsartan-200-200-320-320-320-160-160,0.0,0.0,blue
704,WindowCombinationDrugs_rosuvastatin-rosuvastatin-rosuvastatin-rosuvastatin-10-10-10-10,0.0,0.0,blue
588,WindowCombinationDrugs_atorvastatin-losartan-40-50,0.0,0.0,blue
586,WindowCombinationDrugs_atorvastatin-metformin-metformin-40-1000-1000,0.0,0.0,blue
499,WindowCombinationDrugs_atorvastatin-atorvastatin-80-80,0.0,0.0,blue
500,WindowCombinationDrugs_atorvastatin-metoprolol-80-100,0.0,0.0,blue
501,WindowCombinationDrugs_atorvastatin-carvedilol-metformin-40-50-1000,0.0,0.0,blue
502,Drug_DailyDosage_DurationDose_carvedilol-50-90,0.0,0.0,blue
503,WindowCombinationDrugs_atorvastatin-atorvastatin-carvedilol-carvedilol-metformin-40-40-50-50-1000,0.0,0.0,blue
504,WindowCombinationDrugs_atorvastatin-atorvastatin-carvedilol-metformin-40-40-50-1000,0.0,0.0,blue
505,WindowCombinationDrugs_atorvastatin-atorvastatin-metformin-metformin-40-40-1000-1000,0.0,0.0,blue
506,WindowCombinationDrugs_atorvastatin-metformin-metoprolol-80-1000-50,0.0,0.0,blue
507,Drug_DailyDosage_DurationDose_metoprolol-50-270,0.0,0.0,blue
508,WindowCombinationDrugs_atorvastatin-atorvastatin-metformin-20-40-500,0.0,0.0,blue
509,WindowCombinationDrugs_atorvastatin-atorvastatin-atorvastatin-metformin-rosuvastatin-20-40-40-500-40,0.0,0.0,blue
510,WindowCombinationDrugs_atorvastatin-metformin-rosuvastatin-rosuvastatin-rosuvastatin-40-500-40-40-20,0.0,0.0,blue
511,Drug_DailyDosage_DurationDose_rosuvastatin-40-135,0.0,0.0,blue
512,Drug_DailyDosage_DurationDose_simvastatin-20-270,0.0,0.0,blue
513,WindowCombinationDrugs_atorvastatin-losartan-losartan-losartan-20-100-100-100,0.0,0.0,blue
514,WindowCombinationDrugs_atorvastatin-atorvastatin-atorvastatin-losartan-losartan-20-20-20-100-100,0.0,0.0,blue
515,WindowCombinationDrugs_metformin-metformin-1000-1000,0.0,0.0,blue
516,WindowCombinationDrugs_losartan-25,0.0,0.0,blue
517,WindowCombinationDrugs_losartan-losartan-metformin-25-25-1000,0.0,0.0,blue
518,WindowCombinationDrugs_losartan-metformin-25-1000,0.0,0.0,blue
519,WindowCombinationDrugs_metformin-metformin-metoprolol-1000-1000-200,0.0,0.0,blue
520,Drug_DailyDosage_DurationDose_metoprolol-200-30,0.0,0.0,blue
521,WindowCombinationDrugs_lovastatin-lovastatin-metoprolol-20-20-200,0.0,0.0,blue
522,Drug_DailyDosage_DurationDose_lovastatin-20-120,0.0,0.0,blue
523,WindowCombinationDrugs_lovastatin-lovastatin-lovastatin-lovastatin-lovastatin-metformin-metformin-metformin-metoprolol-metoprolol-20-20-20-20-20-1000-1000-1000-200-200,0.0,0.0,blue
498,Drug_DailyDosage_DurationDose_metoprolol-100-3,0.0,0.0,blue
524,Drug_DailyDosage_DurationDose_lovastatin-20-30,0.0,0.0,blue
497,WindowCombinationDrugs_atorvastatin-atorvastatin-metoprolol-metoprolol-80-80-100-100,0.0,0.0,blue
495,Drug_DailyDosage_DurationDose_valsartan-160-30,0.0,0.0,blue
939,WindowCombinationDrugs_atorvastatin-atorvastatin-atorvastatin-losartan-losartan-losartan-losartan-10-10-10-100-100-100-100,0.0,0.0,blue
471,WindowCombinationDrugs_lovastatin-40,0.0,0.0,blue
472,WindowCombinationDrugs_nebivolol-valsartan-20-320,0.0,0.0,blue
473,Drug_DailyDosage_DurationDose_nebivolol-20-30,0.0,0.0,blue
474,WindowCombinationDrugs_carvedilol-nebivolol-nebivolol-pravastatin-valsartan-25-20-20-80-320,0.0,0.0,blue
475,WindowCombinationDrugs_valsartan-320,0.0,0.0,blue
476,WindowCombinationDrugs_pravastatin-valsartan-80-320,0.0,0.0,blue
477,WindowCombinationDrugs_atorvastatin-olmesartan-olmesartan-40-40-40,0.0,0.0,blue
478,Drug_DailyDosage_DurationDose_atorvastatin-40-7,0.0,0.0,blue
479,WindowCombinationDrugs_losartan-metformin-metformin-olmesartan-olmesartan-100-500-500-40-40,0.0,0.0,blue
480,WindowCombinationDrugs_metformin-simvastatin-simvastatin-simvastatin-simvastatin-500-10-10-20-10,0.0,0.0,blue
481,WindowCombinationDrugs_metformin-simvastatin-simvastatin-500-10-20,0.0,0.0,blue
482,WindowCombinationDrugs_metformin-simvastatin-500-20,0.0,0.0,blue
483,WindowCombinationDrugs_atorvastatin-atorvastatin-telmisartan-telmisartan-20-20-80-80,0.0,0.0,blue
484,Drug_DailyDosage_DurationDose_telmisartan-80-30,0.0,0.0,blue
485,WindowCombinationDrugs_metformin-1700,0.0,0.0,blue
486,Drug_DailyDosage_DurationDose_metformin-1700-30,0.0,0.0,blue
487,WindowCombinationDrugs_atorvastatin-metformin-metformin-metformin-telmisartan-20-1700-1700-1700-80,0.0,0.0,blue
488,WindowCombinationDrugs_atorvastatin-metformin-metformin-telmisartan-valsartan-valsartan-valsartan-20-1700-1700-80-160-160-160,0.0,0.0,blue
489,Drug_DailyDosage_DurationDose_valsartan-160-45,0.0,0.0,blue
490,Drug_DailyDosage_DurationDose_valsartan-160-60,0.0,0.0,blue
491,WindowCombinationDrugs_metformin-metformin-metformin-metformin-valsartan-valsartan-valsartan-1700-1700-1700-1700-160-160-160,0.0,0.0,blue
492,Drug_DailyDosage_DurationDose_metformin-1700-6,0.0,0.0,blue
493,Drug_DailyDosage_DurationDose_valsartan-160-18,0.0,0.0,blue
494,WindowCombinationDrugs_atorvastatin-metformin-metformin-metformin-valsartan-valsartan-valsartan-20-1700-1700-1700-160-160-160,0.0,0.0,blue
496,Drug_DailyDosage_DurationDose_metoprolol-25-90,0.0,0.0,blue
525,Drug_DailyDosage_DurationDose_lovastatin-20-270,0.0,0.0,blue
526,Drug_DailyDosage_DurationDose_metformin-1000-270,0.0,0.0,blue
527,Drug_DailyDosage_DurationDose_metoprolol-200-270,0.0,0.0,blue
560,WindowCombinationDrugs_atorvastatin-metformin-valsartan-valsartan-valsartan-20-2000-160-160-160,0.0,0.0,blue
561,WindowCombinationDrugs_valsartan-160,0.0,0.0,blue
562,WindowCombinationDrugs_losartan-metoprolol-100-100,0.0,0.0,blue
563,WindowCombinationDrugs_atorvastatin-atorvastatin-losartan-losartan-metoprolol-metoprolol-40-40-100-100-100-100,0.0,0.0,blue
564,WindowCombinationDrugs_atorvastatin-atorvastatin-losartan-losartan-metoprolol-40-40-100-100-100,0.0,0.0,blue
565,WindowCombinationDrugs_atorvastatin-losartan-losartan-metoprolol-40-100-100-100,0.0,0.0,blue
566,WindowCombinationDrugs_atorvastatin-losartan-metoprolol-40-100-100,0.0,0.0,blue
568,WindowCombinationDrugs_metformin-simvastatin-750-40,0.0,0.0,blue
569,Drug_DailyDosage_DurationDose_metformin-750-540,0.0,0.0,blue
570,Drug_DailyDosage_DurationDose_simvastatin-40-180,0.0,0.0,blue
571,WindowCombinationDrugs_metformin-metformin-simvastatin-750-750-40,0.0,0.0,blue
572,WindowCombinationDrugs_metformin-750,0.0,0.0,blue
573,WindowCombinationDrugs_atorvastatin-pravastatin-rosuvastatin-rosuvastatin-40-40-5-5,0.0,0.0,blue
574,Drug_DailyDosage_DurationDose_pravastatin-40-30,0.0,0.0,blue
575,Drug_DailyDosage_DurationDose_rosuvastatin-5-30,0.0,0.0,blue
576,WindowCombinationDrugs_losartan-pravastatin-pravastatin-rosuvastatin-simvastatin-25-40-40-5-10,0.0,0.0,blue
577,WindowCombinationDrugs_losartan-pravastatin-simvastatin-25-40-10,0.0,0.0,blue
578,WindowCombinationDrugs_atenolol-atenolol-rosuvastatin-rosuvastatin-50-50-20-20,0.0,0.0,blue
579,Drug_DailyDosage_DurationDose_rosuvastatin-20-30,0.0,0.0,blue
580,WindowCombinationDrugs_atenolol-rosuvastatin-50-20,0.0,0.0,blue
581,WindowCombinationDrugs_losartan-metoprolol-rosuvastatin-rosuvastatin-50-50-10-10,0.0,0.0,blue
582,WindowCombinationDrugs_losartan-losartan-metoprolol-metoprolol-rosuvastatin-rosuvastatin-50-50-50-50-10-10,0.0,0.0,blue
583,WindowCombinationDrugs_losartan-losartan-metoprolol-metoprolol-metoprolol-metoprolol-rosuvastatin-rosuvastatin-50-50-50-50-50-50-10-10,0.0,0.0,blue
584,WindowCombinationDrugs_metoprolol-metoprolol-metoprolol-rosuvastatin-50-50-50-10,0.0,0.0,blue
585,WindowCombinationDrugs_valsartan-valsartan-valsartan-160-160-320,0.0,0.0,blue
559,WindowCombinationDrugs_atorvastatin-metformin-metformin-valsartan-20-2000-2000-160,0.0,0.0,blue
558,WindowCombinationDrugs_atorvastatin-metformin-metformin-valsartan-valsartan-valsartan-20-2000-2000-160-160-160,0.0,0.0,blue
557,Drug_DailyDosage_DurationDose_lovastatin-10-30,0.0,0.0,blue
556,WindowCombinationDrugs_atenolol-atenolol-lovastatin-lovastatin-valsartan-25-25-10-10-320,0.0,0.0,blue
528,WindowCombinationDrugs_lovastatin-metformin-metoprolol-20-1000-200,0.0,0.0,blue
531,Drug_DailyDosage_DurationDose_atorvastatin-40-330,0.0,0.0,blue
532,WindowCombinationDrugs_metformin-rosuvastatin-rosuvastatin-2000-5-5,0.0,0.0,blue
533,Drug_DailyDosage_DurationDose_rosuvastatin-5-90,0.0,0.0,blue
534,WindowCombinationDrugs_rosuvastatin-rosuvastatin-valsartan-5-5-160,0.0,0.0,blue
535,WindowCombinationDrugs_metformin-rosuvastatin-valsartan-2000-5-160,0.0,0.0,blue
536,WindowCombinationDrugs_rosuvastatin-valsartan-5-160,0.0,0.0,blue
537,WindowCombinationDrugs_losartan-losartan-losartan-losartan-50-50-50-100,0.0,0.0,blue
538,WindowCombinationDrugs_losartan-losartan-losartan-losartan-50-50-100-50,0.0,0.0,blue
539,WindowCombinationDrugs_atorvastatin-losartan-metformin-metformin-80-100-2000-500,0.0,0.0,blue
540,WindowCombinationDrugs_atorvastatin-losartan-80-100,0.0,0.0,blue
541,WindowCombinationDrugs_atorvastatin-losartan-losartan-losartan-metformin-80-100-100-100-2000,0.0,0.0,blue
587,WindowCombinationDrugs_atorvastatin-losartan-metformin-40-50-1000,0.0,0.0,blue
542,WindowCombinationDrugs_atorvastatin-losartan-losartan-metformin-metformin-metformin-80-100-100-2000-2000-2000,0.0,0.0,blue
544,Drug_DailyDosage_DurationDose_canagliflozin-100-30,0.0,0.0,blue
545,WindowCombinationDrugs_atorvastatin-canagliflozin-losartan-metformin-80-100-100-2000,0.0,0.0,blue
546,WindowCombinationDrugs_atenolol-lovastatin-25-10,0.0,0.0,blue
547,Drug_DailyDosage_DurationDose_atenolol-25-150,0.0,0.0,blue
548,Drug_DailyDosage_DurationDose_lovastatin-10-150,0.0,0.0,blue
549,WindowCombinationDrugs_atenolol-lovastatin-valsartan-25-10-320,0.0,0.0,blue
550,Drug_DailyDosage_DurationDose_valsartan-320-75,0.0,0.0,blue
551,WindowCombinationDrugs_atenolol-atenolol-lovastatin-lovastatin-25-25-10-10,0.0,0.0,blue
552,Drug_DailyDosage_DurationDose_atenolol-25-30,0.0,0.0,blue
553,Drug_DailyDosage_DurationDose_lovastatin-10-1,0.0,0.0,blue
554,WindowCombinationDrugs_atenolol-atenolol-lovastatin-valsartan-25-25-10-320,0.0,0.0,blue
555,Drug_DailyDosage_DurationDose_lovastatin-10-2,0.0,0.0,blue
543,WindowCombinationDrugs_atorvastatin-canagliflozin-losartan-losartan-losartan-losartan-metformin-80-100-100-100-100-100-2000,0.0,0.0,blue
705,WindowCombinationDrugs_atenolol-simvastatin-100-20,0.0,0.0,blue
706,WindowCombinationDrugs_atenolol-atenolol-simvastatin-simvastatin-100-100-20-20,0.0,0.0,blue
707,WindowCombinationDrugs_carvedilol-carvedilol-simvastatin-simvastatin-50-50-40-40,0.0,0.0,blue
855,WindowCombinationDrugs_atorvastatin-metoprolol-rosuvastatin-40-50-10,0.0,0.0,blue
856,WindowCombinationDrugs_metformin-metformin-metoprolol-rosuvastatin-500-500-50-10,0.0,0.0,blue
857,WindowCombinationDrugs_irbesartan-irbesartan-simvastatin-150-150-40,0.0,0.0,blue
858,Drug_DailyDosage_DurationDose_irbesartan-150-30,0.0,0.0,blue
859,WindowCombinationDrugs_atorvastatin-metoprolol-20-25,0.0,0.0,blue
860,Drug_DailyDosage_DurationDose_atorvastatin-20-330,0.0,0.0,blue
861,WindowCombinationDrugs_atorvastatin-atorvastatin-carvedilol-40-20-25,0.0,0.0,blue
862,Drug_DailyDosage_DurationDose_carvedilol-25-330,0.0,0.0,blue
863,WindowCombinationDrugs_atorvastatin-carvedilol-carvedilol-20-25-50,0.0,0.0,blue
864,Drug_DailyDosage_DurationDose_carvedilol-50-60,0.0,0.0,blue
865,WindowCombinationDrugs_atorvastatin-carvedilol-20-25,0.0,0.0,blue
866,WindowCombinationDrugs_atorvastatin-carvedilol-20-50,0.0,0.0,blue
867,Drug_DailyDosage_DurationDose_carvedilol-50-330,0.0,0.0,blue
868,WindowCombinationDrugs_losartan-metformin-metoprolol-metoprolol-simvastatin-simvastatin-50-500-50-50-20-20,0.0,0.0,blue
869,WindowCombinationDrugs_losartan-losartan-metformin-metoprolol-metoprolol-metoprolol-simvastatin-simvastatin-simvastatin-50-50-500-50-50-50-20-20-20,0.0,0.0,blue
870,WindowCombinationDrugs_atorvastatin-losartan-losartan-metformin-metoprolol-metoprolol-simvastatin-simvastatin-40-50-50-500-50-50-20-20,0.0,0.0,blue
871,WindowCombinationDrugs_atorvastatin-losartan-metformin-metoprolol-simvastatin-40-50-500-50-20,0.0,0.0,blue
872,WindowCombinationDrugs_lovastatin-metoprolol-40-25,0.0,0.0,blue
873,Drug_DailyDosage_DurationDose_metoprolol-25-540,0.0,0.0,blue
874,WindowCombinationDrugs_lovastatin-metoprolol-metoprolol-40-25-25,0.0,0.0,blue
875,Drug_DailyDosage_DurationDose_lovastatin-40-180,0.0,0.0,blue
876,WindowCombinationDrugs_metoprolol-metoprolol-25-25,0.0,0.0,blue
877,WindowCombinationDrugs_metformin-metoprolol-rosuvastatin-1000-50-40,0.0,0.0,blue
878,WindowCombinationDrugs_metformin-metformin-metformin-1000-1000-1000,0.0,0.0,blue
879,WindowCombinationDrugs_atorvastatin-metformin-metformin-metformin-metformin-20-1000-2000-2000-2000,0.0,0.0,blue
854,WindowCombinationDrugs_losartan-rosuvastatin-50-20,0.0,0.0,blue
880,WindowCombinationDrugs_atorvastatin-metformin-metformin-metformin-20-2000-2000-2000,0.0,0.0,blue
853,Drug_DailyDosage_DurationDose_telmisartan-40-90,0.0,0.0,blue
851,WindowCombinationDrugs_losartan-metformin-simvastatin-50-2000-40,0.0,0.0,blue
826,WindowCombinationDrugs_metoprolol-pravastatin-25-80,0.0,0.0,blue
827,Drug_DailyDosage_DurationDose_pravastatin-80-30,0.0,0.0,blue
828,WindowCombinationDrugs_atorvastatin-metoprolol-pravastatin-80-25-80,0.0,0.0,blue
829,WindowCombinationDrugs_atorvastatin-metoprolol-metoprolol-metoprolol-pravastatin-80-25-25-25-80,0.0,0.0,blue
830,WindowCombinationDrugs_metoprolol-metoprolol-metoprolol-pravastatin-25-25-25-80,0.0,0.0,blue
831,WindowCombinationDrugs_atorvastatin-pravastatin-80-80,0.0,0.0,blue
832,WindowCombinationDrugs_atorvastatin-metoprolol-metoprolol-80-25-25,0.0,0.0,blue
833,WindowCombinationDrugs_losartan-losartan-losartan-simvastatin-simvastatin-50-50-50-20-20,0.0,0.0,blue
834,WindowCombinationDrugs_losartan-losartan-losartan-losartan-simvastatin-simvastatin-50-50-50-50-20-20,0.0,0.0,blue
835,WindowCombinationDrugs_losartan-losartan-simvastatin-simvastatin-50-50-20-20,0.0,0.0,blue
836,WindowCombinationDrugs_atorvastatin-carvedilol-metformin-metformin-metformin-10-25-1000-1000-1700,0.0,0.0,blue
837,WindowCombinationDrugs_atorvastatin-carvedilol-metformin-metformin-metformin-10-25-1000-1700-1700,0.0,0.0,blue
838,WindowCombinationDrugs_atorvastatin-atorvastatin-carvedilol-metformin-metformin-metformin-10-10-25-1700-1700-1700,0.0,0.0,blue
839,WindowCombinationDrugs_carvedilol-carvedilol-metformin-metformin-25-25-1700-1700,0.0,0.0,blue
840,WindowCombinationDrugs_atorvastatin-carvedilol-carvedilol-metformin-metformin-10-25-25-1700-1700,0.0,0.0,blue
841,WindowCombinationDrugs_metformin-metformin-simvastatin-500-500-10,0.0,0.0,blue
842,WindowCombinationDrugs_atorvastatin-metformin-metformin-10-1000-1000,0.0,0.0,blue
843,WindowCombinationDrugs_atorvastatin-metoprolol-10-25,0.0,0.0,blue
844,WindowCombinationDrugs_atorvastatin-atorvastatin-metoprolol-metoprolol-10-10-25-25,0.0,0.0,blue
845,WindowCombinationDrugs_atenolol-simvastatin-50-20,0.0,0.0,blue
846,WindowCombinationDrugs_rosuvastatin-valsartan-20-320,0.0,0.0,blue
847,WindowCombinationDrugs_metformin-valsartan-valsartan-500-320-320,0.0,0.0,blue
848,WindowCombinationDrugs_metformin-rosuvastatin-valsartan-500-20-320,0.0,0.0,blue
849,WindowCombinationDrugs_losartan-metformin-metformin-simvastatin-50-1000-2000-40,0.0,0.0,blue
850,WindowCombinationDrugs_losartan-simvastatin-50-40,0.0,0.0,blue
852,WindowCombinationDrugs_losartan-rosuvastatin-telmisartan-50-20-40,0.0,0.0,blue
881,WindowCombinationDrugs_atorvastatin-metformin-metformin-20-2000-2000,0.0,0.0,blue
882,WindowCombinationDrugs_losartan-losartan-metoprolol-metoprolol-simvastatin-simvastatin-100-100-50-50-20-20,0.0,0.0,blue
883,WindowCombinationDrugs_losartan-metoprolol-metoprolol-simvastatin-simvastatin-100-50-50-20-20,0.0,0.0,blue
914,WindowCombinationDrugs_lovastatin-metoprolol-metoprolol-40-50-50,0.0,0.0,blue
915,WindowCombinationDrugs_metoprolol-metoprolol-50-50,0.0,0.0,blue
916,WindowCombinationDrugs_losartan-metoprolol-50-25,0.0,0.0,blue
917,WindowCombinationDrugs_atenolol-losartan-metformin-simvastatin-50-100-1000-40,0.0,0.0,blue
918,Drug_DailyDosage_DurationDose_simvastatin-40-300,0.0,0.0,blue
919,WindowCombinationDrugs_atenolol-losartan-losartan-metformin-metformin-simvastatin-50-100-100-1000-1000-40,0.0,0.0,blue
920,WindowCombinationDrugs_metformin-pravastatin-500-80,0.0,0.0,blue
921,WindowCombinationDrugs_metformin-metformin-pravastatin-500-500-80,0.0,0.0,blue
922,WindowCombinationDrugs_atorvastatin-atorvastatin-olmesartan-propranolol-10-10-80-40,0.0,0.0,blue
923,Drug_DailyDosage_DurationDose_olmesartan-80-30,0.0,0.0,blue
924,WindowCombinationDrugs_atorvastatin-olmesartan-propranolol-propranolol-10-80-20-40,0.0,0.0,blue
925,Drug_DailyDosage_DurationDose_propranolol-20-30,0.0,0.0,blue
926,WindowCombinationDrugs_olmesartan-80,0.0,0.0,blue
927,WindowCombinationDrugs_atenolol-atorvastatin-atorvastatin-losartan-25-40-40-100,0.0,0.0,blue
928,WindowCombinationDrugs_atenolol-losartan-25-100,0.0,0.0,blue
929,WindowCombinationDrugs_atenolol-atorvastatin-losartan-25-40-100,0.0,0.0,blue
930,WindowCombinationDrugs_irbesartan-metformin-valsartan-valsartan-valsartan-valsartan-valsartan-300-1000-640-640-640-640-640,0.0,0.0,blue
931,Drug_DailyDosage_DurationDose_valsartan-640-14,0.0,0.0,blue
932,WindowCombinationDrugs_metoprolol-valsartan-100-640,0.0,0.0,blue
933,WindowCombinationDrugs_metoprolol-metoprolol-metoprolol-100-50-100,0.0,0.0,blue
934,WindowCombinationDrugs_metoprolol-metoprolol-valsartan-50-100-640,0.0,0.0,blue
935,WindowCombinationDrugs_pitavastatin-2,0.0,0.0,blue
936,Drug_DailyDosage_DurationDose_pitavastatin-2-3,0.0,0.0,blue
937,WindowCombinationDrugs_atorvastatin-atorvastatin-metformin-20-20-1000,0.0,0.0,blue
938,WindowCombinationDrugs_atorvastatin-losartan-losartan-losartan-10-100-100-100,0.0,0.0,blue
913,WindowCombinationDrugs_propranolol-propranolol-40-40,0.0,0.0,blue
912,Drug_DailyDosage_DurationDose_propranolol-40-30,0.0,0.0,blue
911,WindowCombinationDrugs_propranolol-40,0.0,0.0,blue
910,drug_propranolol,0.0,0.0,blue
884,WindowCombinationDrugs_losartan-losartan-metoprolol-metoprolol-simvastatin-simvastatin-simvastatin-100-100-50-50-20-20-40,0.0,0.0,blue
885,WindowCombinationDrugs_losartan-losartan-losartan-metoprolol-simvastatin-simvastatin-100-100-100-50-40-40,0.0,0.0,blue
886,WindowCombinationDrugs_losartan-metoprolol-simvastatin-simvastatin-100-50-40-40,0.0,0.0,blue
887,WindowCombinationDrugs_atenolol-atorvastatin-100-80,0.0,0.0,blue
888,WindowCombinationDrugs_atenolol-atenolol-atenolol-atorvastatin-atorvastatin-100-100-100-80-80,0.0,0.0,blue
889,WindowCombinationDrugs_atenolol-atenolol-atenolol-atorvastatin-atorvastatin-atorvastatin-100-100-100-80-80-80,0.0,0.0,blue
890,WindowCombinationDrugs_atenolol-atorvastatin-atorvastatin-100-80-80,0.0,0.0,blue
891,WindowCombinationDrugs_atorvastatin-rosuvastatin-rosuvastatin-rosuvastatin-10-10-10-10,0.0,0.0,blue
892,WindowCombinationDrugs_atorvastatin-rosuvastatin-10-10,0.0,0.0,blue
893,WindowCombinationDrugs_atenolol-atenolol-losartan-100-100-100,0.0,0.0,blue
894,WindowCombinationDrugs_atenolol-atenolol-losartan-losartan-100-100-100-100,0.0,0.0,blue
895,WindowCombinationDrugs_atenolol-losartan-100-100,0.0,0.0,blue
825,Drug_DailyDosage_DurationDose_atorvastatin-10-180,0.0,0.0,blue
896,WindowCombinationDrugs_atenolol-losartan-losartan-losartan-100-100-100-50,0.0,0.0,blue
898,WindowCombinationDrugs_atorvastatin-atorvastatin-atorvastatin-metoprolol-metoprolol-metoprolol-simvastatin-20-20-20-100-100-100-20,0.0,0.0,blue
899,WindowCombinationDrugs_atorvastatin-atorvastatin-atorvastatin-metoprolol-metoprolol-simvastatin-20-20-20-100-100-20,0.0,0.0,blue
900,WindowCombinationDrugs_atorvastatin-atorvastatin-metoprolol-metoprolol-20-20-100-100,0.0,0.0,blue
901,WindowCombinationDrugs_atorvastatin-atorvastatin-metoprolol-20-20-100,0.0,0.0,blue
902,WindowCombinationDrugs_metformin-valsartan-1000-320,0.0,0.0,blue
903,WindowCombinationDrugs_metformin-metoprolol-2000-50,0.0,0.0,blue
904,WindowCombinationDrugs_irbesartan-lovastatin-metoprolol-metoprolol-300-40-50-50,0.0,0.0,blue
905,WindowCombinationDrugs_irbesartan-losartan-losartan-lovastatin-metoprolol-metoprolol-metoprolol-300-100-100-40-50-50-50,0.0,0.0,blue
906,WindowCombinationDrugs_irbesartan-irbesartan-metoprolol-metoprolol-metoprolol-metoprolol-metoprolol-300-300-50-50-50-50-50,0.0,0.0,blue
907,Drug_DailyDosage_DurationDose_irbesartan-300-30,0.0,0.0,blue
908,WindowCombinationDrugs_irbesartan-metoprolol-300-50,0.0,0.0,blue
909,WindowCombinationDrugs_atorvastatin-atorvastatin-40-80,0.0,0.0,blue
897,WindowCombinationDrugs_losartan-losartan-100-50,0.0,0.0,blue
824,WindowCombinationDrugs_atorvastatin-simvastatin-10-10,0.0,0.0,blue
823,Drug_DailyDosage_DurationDose_atorvastatin-20-270,0.0,0.0,blue
822,WindowCombinationDrugs_atorvastatin-valsartan-valsartan-20-320-640,0.0,0.0,blue
738,WindowCombinationDrugs_atenolol-atenolol-atenolol-100-100-100,0.0,0.0,blue
739,WindowCombinationDrugs_atenolol-atenolol-100-100,0.0,0.0,blue
740,WindowCombinationDrugs_losartan-olmesartan-50-20,0.0,0.0,blue
741,Drug_DailyDosage_DurationDose_olmesartan-20-90,0.0,0.0,blue
742,WindowCombinationDrugs_olmesartan-20,0.0,0.0,blue
743,WindowCombinationDrugs_metformin-metformin-metoprolol-simvastatin-1000-1000-25-40,0.0,0.0,blue
744,WindowCombinationDrugs_losartan-metformin-metformin-metformin-metoprolol-simvastatin-simvastatin-25-1000-1000-1000-25-40-40,0.0,0.0,blue
745,WindowCombinationDrugs_losartan-metformin-metformin-metoprolol-simvastatin-25-1000-1000-25-40,0.0,0.0,blue
746,WindowCombinationDrugs_losartan-metformin-metformin-25-1000-1000,0.0,0.0,blue
747,WindowCombinationDrugs_losartan-pravastatin-25-40,0.0,0.0,blue
748,WindowCombinationDrugs_losartan-losartan-pravastatin-pravastatin-25-25-40-40,0.0,0.0,blue
749,WindowCombinationDrugs_metformin-metformin-metformin-metformin-simvastatin-valsartan-valsartan-valsartan-1000-1000-1000-1000-20-320-320-320,0.0,0.0,blue
750,WindowCombinationDrugs_metformin-metformin-simvastatin-valsartan-valsartan-valsartan-1000-1000-20-320-320-320,0.0,0.0,blue
751,WindowCombinationDrugs_metformin-simvastatin-simvastatin-valsartan-valsartan-1000-20-20-320-320,0.0,0.0,blue
752,WindowCombinationDrugs_metformin-simvastatin-valsartan-1000-20-320,0.0,0.0,blue
753,WindowCombinationDrugs_atorvastatin-atorvastatin-metformin-metformin-simvastatin-simvastatin-40-40-1000-1000-40-40,0.0,0.0,blue
754,WindowCombinationDrugs_atorvastatin-atorvastatin-metformin-metformin-metformin-40-40-1000-1000-1000,0.0,0.0,blue
755,WindowCombinationDrugs_atorvastatin-pravastatin-20-40,0.0,0.0,blue
756,WindowCombinationDrugs_metformin-metformin-metformin-pravastatin-pravastatin-pravastatin-pravastatin-1000-1000-1000-40-40-40-40,0.0,0.0,blue
757,WindowCombinationDrugs_metformin-metformin-metformin-pravastatin-pravastatin-pravastatin-1000-1000-1000-40-40-40,0.0,0.0,blue
758,WindowCombinationDrugs_metformin-metformin-metformin-metformin-metformin-pravastatin-1000-1000-1000-1000-1000-40,0.0,0.0,blue
759,WindowCombinationDrugs_metformin-metformin-metformin-pravastatin-1000-1000-1000-40,0.0,0.0,blue
760,Drug_DailyDosage_DurationDose_pravastatin-40-150,0.0,0.0,blue
761,WindowCombinationDrugs_atorvastatin-metformin-metformin-pravastatin-40-1000-1000-40,0.0,0.0,blue
762,WindowCombinationDrugs_simvastatin-simvastatin-valsartan-valsartan-20-20-160-160,0.0,0.0,blue
737,WindowCombinationDrugs_olmesartan-olmesartan-olmesartan-olmesartan-olmesartan-olmesartan-olmesartan-20-20-20-20-20-20-20,0.0,0.0,blue
736,WindowCombinationDrugs_olmesartan-olmesartan-olmesartan-olmesartan-pravastatin-20-20-20-20-40,0.0,0.0,blue
735,WindowCombinationDrugs_olmesartan-olmesartan-olmesartan-pravastatin-20-20-20-40,0.0,0.0,blue
734,WindowCombinationDrugs_atenolol-olmesartan-olmesartan-olmesartan-olmesartan-pravastatin-100-20-20-20-20-40,0.0,0.0,blue
708,WindowCombinationDrugs_atorvastatin-carvedilol-metformin-simvastatin-20-50-750-40,0.0,0.0,blue
709,Drug_DailyDosage_DurationDose_metformin-750-60,0.0,0.0,blue
710,WindowCombinationDrugs_atorvastatin-metformin-20-750,0.0,0.0,blue
711,WindowCombinationDrugs_atorvastatin-simvastatin-20-40,0.0,0.0,blue
712,WindowCombinationDrugs_bisoprolol-losartan-pravastatin-10-100-20,0.0,0.0,blue
713,WindowCombinationDrugs_bisoprolol-bisoprolol-losartan-losartan-pravastatin-10-10-100-100-20,0.0,0.0,blue
714,WindowCombinationDrugs_bisoprolol-losartan-losartan-10-100-100,0.0,0.0,blue
715,WindowCombinationDrugs_losartan-pravastatin-100-20,0.0,0.0,blue
716,WindowCombinationDrugs_lovastatin-lovastatin-20-20,0.0,0.0,blue
717,WindowCombinationDrugs_lovastatin-lovastatin-lovastatin-20-20-20,0.0,0.0,blue
718,WindowCombinationDrugs_pravastatin-pravastatin-valsartan-20-20-320,0.0,0.0,blue
719,WindowCombinationDrugs_pravastatin-valsartan-20-320,0.0,0.0,blue
763,WindowCombinationDrugs_simvastatin-valsartan-20-160,0.0,0.0,blue
720,Drug_DailyDosage_DurationDose_pravastatin-20-7,0.0,0.0,blue
722,WindowCombinationDrugs_metoprolol-metoprolol-pitavastatin-50-50-2,0.0,0.0,blue
723,Drug_DailyDosage_DurationDose_pitavastatin-2-330,0.0,0.0,blue
724,WindowCombinationDrugs_metoprolol-pitavastatin-50-2,0.0,0.0,blue
725,WindowCombinationDrugs_metoprolol-pitavastatin-pitavastatin-50-2-2,0.0,0.0,blue
726,Drug_DailyDosage_DurationDose_pitavastatin-2-28,0.0,0.0,blue
727,WindowCombinationDrugs_atorvastatin-pravastatin-pravastatin-10-10-10,0.0,0.0,blue
728,WindowCombinationDrugs_atorvastatin-losartan-pravastatin-pravastatin-10-50-10-10,0.0,0.0,blue
729,WindowCombinationDrugs_carvedilol-carvedilol-metformin-metformin-metformin-simvastatin-12.5-12.5-1000-1000-1000-40,0.0,0.0,blue
730,WindowCombinationDrugs_carvedilol-metformin-simvastatin-12.5-1000-40,0.0,0.0,blue
731,WindowCombinationDrugs_carvedilol-simvastatin-12.5-40,0.0,0.0,blue
732,WindowCombinationDrugs_atenolol-olmesartan-olmesartan-pravastatin-100-20-20-40,0.0,0.0,blue
733,Drug_DailyDosage_DurationDose_olmesartan-20-30,0.0,0.0,blue
721,drug_pitavastatin,0.0,0.0,blue
469,WindowCombinationDrugs_atenolol-atorvastatin-100-40,0.0,0.0,blue
764,WindowCombinationDrugs_losartan-simvastatin-valsartan-100-20-160,0.0,0.0,blue
766,WindowCombinationDrugs_losartan-simvastatin-100-20,0.0,0.0,blue
797,WindowCombinationDrugs_metformin-metoprolol-simvastatin-valsartan-1500-100-20-640,0.0,0.0,blue
798,WindowCombinationDrugs_metformin-metformin-metoprolol-valsartan-1500-1500-100-640,0.0,0.0,blue
799,WindowCombinationDrugs_lovastatin-lovastatin-lovastatin-40-40-40,0.0,0.0,blue
800,WindowCombinationDrugs_lovastatin-lovastatin-lovastatin-lovastatin-lovastatin-40-40-40-40-40,0.0,0.0,blue
801,WindowCombinationDrugs_losartan-losartan-simvastatin-100-100-20,0.0,0.0,blue
802,Drug_DailyDosage_DurationDose_simvastatin-20-150,0.0,0.0,blue
803,WindowCombinationDrugs_losartan-metoprolol-simvastatin-100-25-20,0.0,0.0,blue
804,Drug_DailyDosage_DurationDose_metoprolol-25-15,0.0,0.0,blue
805,WindowCombinationDrugs_atorvastatin-atorvastatin-losartan-10-10-50,0.0,0.0,blue
806,WindowCombinationDrugs_atorvastatin-atorvastatin-atorvastatin-losartan-10-10-10-50,0.0,0.0,blue
807,WindowCombinationDrugs_bisoprolol-5,0.0,0.0,blue
808,Drug_DailyDosage_DurationDose_bisoprolol-5-60,0.0,0.0,blue
809,WindowCombinationDrugs_atorvastatin-metformin-40-2000,0.0,0.0,blue
810,WindowCombinationDrugs_atorvastatin-metformin-metformin-metformin-40-2000-2000-2000,0.0,0.0,blue
811,WindowCombinationDrugs_atorvastatin-atorvastatin-metformin-metformin-metformin-metformin-40-40-2000-2000-2000-2000,0.0,0.0,blue
812,WindowCombinationDrugs_atorvastatin-atorvastatin-metformin-metformin-40-40-2000-2000,0.0,0.0,blue
813,WindowCombinationDrugs_simvastatin-simvastatin-simvastatin-20-20-20,0.0,0.0,blue
814,WindowCombinationDrugs_atorvastatin-losartan-losartan-metformin-pravastatin-pravastatin-10-100-100-500-40-40,0.0,0.0,blue
815,WindowCombinationDrugs_atorvastatin-losartan-metformin-pravastatin-10-100-1000-40,0.0,0.0,blue
816,WindowCombinationDrugs_atorvastatin-atorvastatin-dapagliflozin-dapagliflozin-losartan-losartan-metformin-10-10-10-10-100-100-1000,0.0,0.0,blue
817,Drug_DailyDosage_DurationDose_dapagliflozin-10-90,0.0,0.0,blue
818,WindowCombinationDrugs_atorvastatin-dapagliflozin-dapagliflozin-losartan-losartan-metformin-10-10-10-100-100-1000,0.0,0.0,blue
819,WindowCombinationDrugs_metformin-pravastatin-pravastatin-500-40-40,0.0,0.0,blue
820,WindowCombinationDrugs_metformin-metformin-metformin-pravastatin-pravastatin-pravastatin-500-500-500-40-40-40,0.0,0.0,blue
821,WindowCombinationDrugs_metformin-pravastatin-500-40,0.0,0.0,blue
796,WindowCombinationDrugs_metformin-simvastatin-1500-20,0.0,0.0,blue
795,WindowCombinationDrugs_metformin-metformin-metformin-metformin-metformin-metformin-metoprolol-valsartan-1500-1500-1500-1500-1500-1500-100-640,0.0,0.0,blue
794,Drug_DailyDosage_DurationDose_metformin-1500-60,0.0,0.0,blue
793,Drug_DailyDosage_DurationDose_metformin-1500-40,0.0,0.0,blue
767,Drug_DailyDosage_DurationDose_rosuvastatin-20-7,0.0,0.0,blue
768,WindowCombinationDrugs_atorvastatin-atorvastatin-metoprolol-rosuvastatin-simvastatin-40-40-50-20-80,0.0,0.0,blue
769,Drug_DailyDosage_DurationDose_simvastatin-80-15,0.0,0.0,blue
770,WindowCombinationDrugs_rosuvastatin-rosuvastatin-10-20,0.0,0.0,blue
771,WindowCombinationDrugs_metoprolol-rosuvastatin-rosuvastatin-rosuvastatin-50-10-20-10,0.0,0.0,blue
772,WindowCombinationDrugs_metoprolol-metoprolol-rosuvastatin-rosuvastatin-rosuvastatin-rosuvastatin-rosuvastatin-50-50-10-20-10-10-10,0.0,0.0,blue
773,WindowCombinationDrugs_metoprolol-metoprolol-rosuvastatin-rosuvastatin-50-50-10-10,0.0,0.0,blue
774,WindowCombinationDrugs_pravastatin-pravastatin-80-80,0.0,0.0,blue
775,Drug_DailyDosage_DurationDose_pravastatin-80-60,0.0,0.0,blue
776,WindowCombinationDrugs_pravastatin-pravastatin-40-20,0.0,0.0,blue
777,WindowCombinationDrugs_atorvastatin-carvedilol-carvedilol-40-12.5-12.5,0.0,0.0,blue
778,WindowCombinationDrugs_losartan-metformin-simvastatin-100-1000-20,0.0,0.0,blue
765,WindowCombinationDrugs_losartan-simvastatin-simvastatin-valsartan-100-20-20-160,0.0,0.0,blue
779,WindowCombinationDrugs_losartan-losartan-metformin-metformin-simvastatin-simvastatin-100-100-1000-1000-20-20,0.0,0.0,blue
781,WindowCombinationDrugs_rosuvastatin-rosuvastatin-5-5,0.0,0.0,blue
782,WindowCombinationDrugs_atorvastatin-atorvastatin-metformin-metformin-10-10-500-500,0.0,0.0,blue
783,WindowCombinationDrugs_atenolol-metformin-metformin-metformin-metformin-metformin-rosuvastatin-100-1000-1000-1000-1000-1000-20,0.0,0.0,blue
784,WindowCombinationDrugs_metoprolol-metoprolol-metoprolol-metoprolol-25-50-25-50,0.0,0.0,blue
785,WindowCombinationDrugs_lovastatin-metoprolol-pravastatin-20-50-20,0.0,0.0,blue
786,WindowCombinationDrugs_lovastatin-lovastatin-metoprolol-metoprolol-pravastatin-20-20-50-50-20,0.0,0.0,blue
787,WindowCombinationDrugs_lovastatin-metoprolol-20-50,0.0,0.0,blue
788,WindowCombinationDrugs_metoprolol-simvastatin-valsartan-valsartan-valsartan-100-20-640-640-640,0.0,0.0,blue
789,Drug_DailyDosage_DurationDose_valsartan-640-30,0.0,0.0,blue
790,Drug_DailyDosage_DurationDose_valsartan-640-90,0.0,0.0,blue
791,WindowCombinationDrugs_metformin-metformin-metformin-metformin-metformin-metformin-metformin-metformin-metformin-metoprolol-simvastatin-valsartan-valsartan-valsartan-1500-1500-1500-1500-1500-1500-1500-1500-1500-100-20-640-640-640,0.0,0.0,blue
792,Drug_DailyDosage_DurationDose_metformin-1500-30,0.0,0.0,blue
780,WindowCombinationDrugs_rosuvastatin-5,0.0,0.0,blue
468,WindowCombinationDrugs_atenolol-atorvastatin-atorvastatin-100-40-40,0.0,0.0,blue
940,WindowCombinationDrugs_atorvastatin-losartan-10-100,0.0,0.0,blue
466,WindowCombinationDrugs_losartan-losartan-losartan-50-50-50,0.0,0.0,blue
188,WindowCombinationDrugs_lovastatin-metformin-valsartan-valsartan-40-500-640-640,0.0,0.0,blue
189,WindowCombinationDrugs_lovastatin-metformin-metformin-40-500-500,0.0,0.0,blue
190,WindowCombinationDrugs_metformin-metformin-metformin-valsartan-500-500-500-640,0.0,0.0,blue
191,WindowCombinationDrugs_metformin-valsartan-500-640,0.0,0.0,blue
192,WindowCombinationDrugs_valsartan-640,0.0,0.0,blue
193,WindowCombinationDrugs_atorvastatin-atorvastatin-metformin-10-10-500,0.0,0.0,blue
194,Drug_DailyDosage_DurationDose_metformin-500-180,0.0,0.0,blue
195,WindowCombinationDrugs_atorvastatin-atorvastatin-metformin-metformin-metformin-10-10-500-500-500,0.0,0.0,blue
196,WindowCombinationDrugs_atorvastatin-metformin-metformin-10-500-500,0.0,0.0,blue
197,drug_olmesartan,0.0,0.0,blue
198,WindowCombinationDrugs_atenolol-olmesartan-50-40,0.0,0.0,blue
199,Drug_DailyDosage_DurationDose_atenolol-50-30,0.0,0.0,blue
200,Drug_DailyDosage_DurationDose_olmesartan-40-30,0.0,0.0,blue
201,WindowCombinationDrugs_olmesartan-40,0.0,0.0,blue
202,Drug_DailyDosage_DurationDose_metoprolol-50-180,0.0,0.0,blue
203,WindowCombinationDrugs_lovastatin-metformin-metoprolol-metoprolol-metoprolol-40-1000-50-25-50,0.0,0.0,blue
204,Drug_DailyDosage_DurationDose_lovastatin-40-30,0.0,0.0,blue
205,Drug_DailyDosage_DurationDose_metoprolol-25-30,0.0,0.0,blue
206,WindowCombinationDrugs_lovastatin-metformin-metoprolol-metoprolol-metoprolol-40-1000-25-50-25,0.0,0.0,blue
207,Drug_DailyDosage_DurationDose_metoprolol-25-300,0.0,0.0,blue
208,WindowCombinationDrugs_lovastatin-metoprolol-metoprolol-metoprolol-40-50-25-25,0.0,0.0,blue
187,Drug_DailyDosage_DurationDose_metformin-500-270,0.0,0.0,blue
186,Drug_DailyDosage_DurationDose_lovastatin-40-270,0.0,0.0,blue
185,WindowCombinationDrugs_lovastatin-metformin-valsartan-40-500-640,0.0,0.0,blue
184,drug_lovastatin,0.0,0.0,blue
159,WindowCombinationDrugs_atorvastatin-carvedilol-losartan-metformin-20-12.5-25-500,0.0,0.0,blue
160,Drug_DailyDosage_DurationDose_metformin-500-60,0.0,0.0,blue
161,WindowCombinationDrugs_atorvastatin-atorvastatin-carvedilol-losartan-20-20-12.5-25,0.0,0.0,blue
162,WindowCombinationDrugs_metformin-metformin-metoprolol-metoprolol-pravastatin-2000-2000-200-200-40,0.0,0.0,blue
163,Drug_DailyDosage_DurationDose_metformin-2000-30,0.0,0.0,blue
165,WindowCombinationDrugs_metformin-metoprolol-pravastatin-2000-200-40,0.0,0.0,blue
166,WindowCombinationDrugs_metformin-metformin-metoprolol-metoprolol-pravastatin-pravastatin-pravastatin-2000-2000-200-200-40-40-40,0.0,0.0,blue
167,WindowCombinationDrugs_metformin-metoprolol-pravastatin-pravastatin-2000-200-40-40,0.0,0.0,blue
168,WindowCombinationDrugs_atorvastatin-atorvastatin-metformin-metformin-20-20-2000-2000,0.0,0.0,blue
169,WindowCombinationDrugs_atorvastatin-metformin-20-2000,0.0,0.0,blue
209,WindowCombinationDrugs_lovastatin-metformin-metoprolol-metoprolol-metoprolol-40-1000-25-25-25,0.0,0.0,blue
170,WindowCombinationDrugs_metformin-simvastatin-500-10,0.0,0.0,blue
174,WindowCombinationDrugs_losartan-metformin-simvastatin-25-500-10,0.0,0.0,blue
175,Drug_DailyDosage_DurationDose_losartan-25-90,0.0,0.0,blue
176,WindowCombinationDrugs_metformin-500,0.0,0.0,blue
177,Drug_DailyDosage_DurationDose_metformin-500-30,0.0,0.0,blue
178,WindowCombinationDrugs_metformin-metformin-metformin-metformin-500-500-500-500,0.0,0.0,blue
179,WindowCombinationDrugs_metformin-metformin-metformin-500-500-500,0.0,0.0,blue
180,WindowCombinationDrugs_atorvastatin-losartan-metformin-40-100-1000,0.0,0.0,blue
181,Drug_DailyDosage_DurationDose_atorvastatin-40-270,0.0,0.0,blue
182,WindowCombinationDrugs_atorvastatin-losartan-40-100,0.0,0.0,blue
183,WindowCombinationDrugs_metformin-1000,0.0,0.0,blue
173,WindowCombinationDrugs_losartan-simvastatin-25-10,0.0,0.0,blue
158,Drug_DailyDosage_DurationDose_losartan-25-30,0.0,0.0,blue
210,WindowCombinationDrugs_metoprolol-metoprolol-metoprolol-25-25-25,0.0,0.0,blue
213,Drug_DailyDosage_DurationDose_carvedilol-6.25-90,0.0,0.0,blue
242,WindowCombinationDrugs_atorvastatin-metformin-metformin-metformin-metformin-metformin-metoprolol-40-500-500-500-500-500-50,0.0,0.0,blue
243,WindowCombinationDrugs_metformin-metformin-metformin-metformin-metformin-500-500-500-500-500,0.0,0.0,blue
244,WindowCombinationDrugs_atorvastatin-metformin-metformin-metformin-metoprolol-40-500-500-500-50,0.0,0.0,blue
245,WindowCombinationDrugs_metformin-rosuvastatin-500-40,0.0,0.0,blue
246,Drug_DailyDosage_DurationDose_rosuvastatin-40-30,0.0,0.0,blue
247,WindowCombinationDrugs_metformin-metformin-rosuvastatin-rosuvastatin-rosuvastatin-500-500-40-40-40,0.0,0.0,blue
248,Drug_DailyDosage_DurationDose_rosuvastatin-40-90,0.0,0.0,blue
249,WindowCombinationDrugs_pravastatin-80,0.0,0.0,blue
250,Drug_DailyDosage_DurationDose_pravastatin-80-90,0.0,0.0,blue
251,WindowCombinationDrugs_atorvastatin-pravastatin-40-80,0.0,0.0,blue
252,WindowCombinationDrugs_atorvastatin-atorvastatin-atorvastatin-40-40-40,0.0,0.0,blue
253,WindowCombinationDrugs_atenolol-simvastatin-100-10,0.0,0.0,blue
254,Drug_DailyDosage_DurationDose_atenolol-100-90,0.0,0.0,blue
255,WindowCombinationDrugs_atenolol-atenolol-simvastatin-simvastatin-simvastatin-100-100-10-10-10,0.0,0.0,blue
256,WindowCombinationDrugs_atenolol-simvastatin-simvastatin-simvastatin-100-10-10-10,0.0,0.0,blue
257,WindowCombinationDrugs_atenolol-100,0.0,0.0,blue
258,WindowCombinationDrugs_bisoprolol-10,0.0,0.0,blue
259,Drug_DailyDosage_DurationDose_bisoprolol-10-90,0.0,0.0,blue
260,WindowCombinationDrugs_bisoprolol-losartan-metformin-pravastatin-10-100-500-40,0.0,0.0,blue
261,WindowCombinationDrugs_bisoprolol-bisoprolol-losartan-losartan-metformin-metformin-pravastatin-pravastatin-10-10-100-100-500-500-40-40,0.0,0.0,blue
262,WindowCombinationDrugs_bisoprolol-losartan-pravastatin-10-100-40,0.0,0.0,blue
241,WindowCombinationDrugs_atenolol-atenolol-atorvastatin-atorvastatin-metformin-metformin-25-25-80-80-500-500,0.0,0.0,blue
240,WindowCombinationDrugs_atenolol-atorvastatin-metformin-25-80-500,0.0,0.0,blue
239,WindowCombinationDrugs_atorvastatin-80,0.0,0.0,blue
238,Drug_DailyDosage_DurationDose_lovastatin-40-90,0.0,0.0,blue
215,Drug_DailyDosage_DurationDose_pravastatin-20-90,0.0,0.0,blue
216,WindowCombinationDrugs_atenolol-atenolol-pravastatin-pravastatin-25-25-20-20,0.0,0.0,blue
217,Drug_DailyDosage_DurationDose_atenolol-25-540,0.0,0.0,blue
218,WindowCombinationDrugs_atenolol-atenolol-atenolol-pravastatin-pravastatin-25-25-25-20-20,0.0,0.0,blue
219,WindowCombinationDrugs_atenolol-atenolol-atenolol-pravastatin-25-25-25-20,0.0,0.0,blue
220,WindowCombinationDrugs_atenolol-atenolol-atenolol-25-25-25,0.0,0.0,blue
221,WindowCombinationDrugs_carvedilol-losartan-25-100,0.0,0.0,blue
223,WindowCombinationDrugs_carvedilol-carvedilol-losartan-losartan-25-25-100-100,0.0,0.0,blue
224,WindowCombinationDrugs_carvedilol-losartan-25-200,0.0,0.0,blue
225,Drug_DailyDosage_DurationDose_losartan-200-90,0.0,0.0,blue
211,WindowCombinationDrugs_losartan-losartan-100-100,0.0,0.0,blue
226,WindowCombinationDrugs_carvedilol-pravastatin-simvastatin-valsartan-25-10-10-640,0.0,0.0,blue
228,Drug_DailyDosage_DurationDose_simvastatin-10-30,0.0,0.0,blue
229,Drug_DailyDosage_DurationDose_valsartan-640-135,0.0,0.0,blue
230,WindowCombinationDrugs_carvedilol-carvedilol-carvedilol-pravastatin-pravastatin-valsartan-12.5-25-12.5-10-10-640,0.0,0.0,blue
231,WindowCombinationDrugs_pravastatin-pravastatin-10-10,0.0,0.0,blue
232,WindowCombinationDrugs_pravastatin-10,0.0,0.0,blue
233,drug_irbesartan,0.0,0.0,blue
234,WindowCombinationDrugs_irbesartan-300,0.0,0.0,blue
467,WindowCombinationDrugs_atorvastatin-metoprolol-40-100,0.0,0.0,blue
236,WindowCombinationDrugs_atorvastatin-lovastatin-metformin-80-40-500,0.0,0.0,blue
237,Drug_DailyDosage_DurationDose_atorvastatin-80-270,0.0,0.0,blue
227,Drug_DailyDosage_DurationDose_pravastatin-10-90,0.0,0.0,blue
157,WindowCombinationDrugs_atorvastatin-losartan-20-25,0.0,0.0,blue
156,Drug_DailyDosage_DurationDose_simvastatin-20-30,0.0,0.0,blue
155,Drug_DailyDosage_DurationDose_carvedilol-12.5-30,0.0,0.0,blue
65,Drug_DailyDosage_DurationDose_atorvastatin-20-90,0.0,0.0,blue
66,WindowCombinationDrugs_atorvastatin-40,0.0,0.0,blue
68,WindowCombinationDrugs_atorvastatin-atorvastatin-40-40,0.0,0.0,blue
70,WindowCombinationDrugs_rosuvastatin-10,0.0,0.0,blue
71,Drug_DailyDosage_DurationDose_rosuvastatin-10-90,0.0,0.0,blue
73,WindowCombinationDrugs_atorvastatin-atorvastatin-10-10,0.0,0.0,blue
75,WindowCombinationDrugs_losartan-losartan-metformin-pravastatin-pravastatin-100-100-850-40-40,0.0,0.0,blue
76,Drug_DailyDosage_DurationDose_metformin-850-90,0.0,0.0,blue
77,Drug_DailyDosage_DurationDose_pravastatin-40-90,0.0,0.0,blue
78,WindowCombinationDrugs_metformin-metformin-pravastatin-pravastatin-850-850-40-40,0.0,0.0,blue
79,WindowCombinationDrugs_losartan-metformin-metformin-pravastatin-pravastatin-pravastatin-100-850-850-40-40-40,0.0,0.0,blue
80,WindowCombinationDrugs_losartan-metformin-metformin-metformin-pravastatin-pravastatin-pravastatin-pravastatin-100-850-850-850-40-40-40-40,0.0,0.0,blue
81,WindowCombinationDrugs_losartan-metformin-metformin-metformin-pravastatin-pravastatin-pravastatin-100-850-850-850-40-40-40,0.0,0.0,blue
82,WindowCombinationDrugs_metformin-pravastatin-850-40,0.0,0.0,blue
84,WindowCombinationDrugs_carvedilol-12.5,0.0,0.0,blue
85,Drug_DailyDosage_DurationDose_carvedilol-12.5-90,0.0,0.0,blue
86,WindowCombinationDrugs_carvedilol-losartan-losartan-rosuvastatin-rosuvastatin-12.5-100-100-10-10,0.0,0.0,blue
87,WindowCombinationDrugs_carvedilol-carvedilol-carvedilol-carvedilol-losartan-losartan-losartan-rosuvastatin-rosuvastatin-rosuvastatin-12.5-12.5-12.5-12.5-100-100-100-10-10-10,0.0,0.0,blue
88,WindowCombinationDrugs_carvedilol-losartan-rosuvastatin-12.5-100-10,0.0,0.0,blue
90,WindowCombinationDrugs_atorvastatin-atorvastatin-valsartan-40-40-160,0.0,0.0,blue
91,Drug_DailyDosage_DurationDose_valsartan-160-90,0.0,0.0,blue
63,WindowCombinationDrugs_atorvastatin-atorvastatin-20-20,0.0,0.0,blue
62,Drug_DailyDosage_DurationDose_None-0-0,0.0,0.0,blue
61,WindowCombinationDrugs_None-0,0.0,0.0,blue
60,drug_None,0.0,0.0,blue
1,difference_glucose_normal,0.0,0.0,blue
2,is_diabetes_diabetes,0.0,0.0,blue
3,is_diabetes_normal,0.0,0.0,blue
11,sbp_diff_normal,0.0,0.0,blue
12,dbp_diff_normal,0.0,0.0,blue
16,bp_class_HypertensiveCrisis,0.0,0.0,blue
19,bp_is_controlled_1,0.0,0.0,blue
21,diff_Ldl_normal,0.0,0.0,blue
23,LDL_class_High,0.0,0.0,blue
25,LDL_class_Normal,0.0,0.0,blue
92,WindowCombinationDrugs_atorvastatin-valsartan-40-160,0.0,0.0,blue
26,LDL_class_VeryHigh,0.0,0.0,blue
34,gfr_class_G4,0.0,0.0,blue
35,gfr_class_G5,0.0,0.0,blue
43,gender_Male,0.0,0.0,blue
50,WindowCombinationDrugs_atorvastatin-atorvastatin-losartan-metformin-10-10-100-1000,0.0,0.0,blue
52,Drug_DailyDosage_DurationDose_losartan-100-270,0.0,0.0,blue
54,WindowCombinationDrugs_atorvastatin-losartan-metformin-10-100-1000,0.0,0.0,blue
55,Drug_DailyDosage_DurationDose_metformin-1000-150,0.0,0.0,blue
56,WindowCombinationDrugs_losartan-metformin-metformin-metformin-100-1000-1000-1000,0.0,0.0,blue
58,WindowCombinationDrugs_losartan-losartan-metformin-metformin-100-100-1000-1000,0.0,0.0,blue
59,WindowCombinationDrugs_losartan-metformin-100-1000,0.0,0.0,blue
30,gfr_class_G1,0.0,0.0,blue
93,WindowCombinationDrugs_atorvastatin-atorvastatin-valsartan-valsartan-40-40-160-160,0.0,0.0,blue
94,WindowCombinationDrugs_atorvastatin-atorvastatin-valsartan-valsartan-40-40-320-320,0.0,0.0,blue
97,WindowCombinationDrugs_atorvastatin-atorvastatin-metoprolol-metoprolol-metoprolol-valsartan-40-40-50-50-50-320,0.0,0.0,blue
131,Drug_DailyDosage_DurationDose_carvedilol-25-30,0.0,0.0,blue
132,WindowCombinationDrugs_losartan-100,0.0,0.0,blue
133,WindowCombinationDrugs_carvedilol-losartan-losartan-valsartan-50-100-100-640,0.0,0.0,blue
134,Drug_DailyDosage_DurationDose_carvedilol-50-30,0.0,0.0,blue
135,Drug_DailyDosage_DurationDose_valsartan-640-45,0.0,0.0,blue
136,drug_bisoprolol,0.0,0.0,blue
137,WindowCombinationDrugs_bisoprolol-simvastatin-simvastatin-5-40-40,0.0,0.0,blue
138,Drug_DailyDosage_DurationDose_bisoprolol-5-90,0.0,0.0,blue
139,WindowCombinationDrugs_bisoprolol-bisoprolol-metformin-simvastatin-simvastatin-5-5-1500-40-40,0.0,0.0,blue
140,Drug_DailyDosage_DurationDose_metformin-1500-90,0.0,0.0,blue
129,Drug_DailyDosage_DurationDose_metformin-2000-90,0.0,0.0,blue
141,WindowCombinationDrugs_bisoprolol-metformin-metformin-simvastatin-simvastatin-5-1500-1500-40-40,0.0,0.0,blue
143,WindowCombinationDrugs_bisoprolol-metformin-simvastatin-5-1500-40,0.0,0.0,blue
145,WindowCombinationDrugs_atenolol-atenolol-atorvastatin-losartan-valsartan-valsartan-50-25-40-100-320-320,0.0,0.0,blue
146,Drug_DailyDosage_DurationDose_atenolol-25-90,0.0,0.0,blue
148,WindowCombinationDrugs_atenolol-atenolol-atenolol-atorvastatin-losartan-valsartan-valsartan-50-25-50-40-100-320-320,0.0,0.0,blue
149,WindowCombinationDrugs_atenolol-atorvastatin-losartan-50-40-100,0.0,0.0,blue
150,WindowCombinationDrugs_atenolol-atorvastatin-atorvastatin-losartan-valsartan-50-40-40-100-160,0.0,0.0,blue
151,Drug_DailyDosage_DurationDose_valsartan-160-75,0.0,0.0,blue
152,WindowCombinationDrugs_atenolol-atenolol-atorvastatin-losartan-valsartan-50-50-40-100-160,0.0,0.0,blue
153,WindowCombinationDrugs_atenolol-50,0.0,0.0,blue
154,WindowCombinationDrugs_carvedilol-carvedilol-carvedilol-simvastatin-12.5-12.5-12.5-20,0.0,0.0,blue
142,WindowCombinationDrugs_bisoprolol-bisoprolol-metformin-metformin-simvastatin-simvastatin-simvastatin-5-5-1500-1500-40-40-40,0.0,0.0,blue
263,WindowCombinationDrugs_losartan-metformin-simvastatin-50-500-40,0.0,0.0,blue
128,WindowCombinationDrugs_metformin-2000,0.0,0.0,blue
126,Drug_DailyDosage_DurationDose_simvastatin-80-90,0.0,0.0,blue
99,Drug_DailyDosage_DurationDose_valsartan-320-90,0.0,0.0,blue
100,WindowCombinationDrugs_atorvastatin-atorvastatin-metoprolol-metoprolol-metoprolol-metoprolol-valsartan-40-40-50-50-50-50-320,0.0,0.0,blue
102,WindowCombinationDrugs_atorvastatin-atorvastatin-atorvastatin-metoprolol-metoprolol-valsartan-valsartan-40-40-80-50-50-320-320,0.0,0.0,blue
103,Drug_DailyDosage_DurationDose_atorvastatin-80-90,0.0,0.0,blue
104,WindowCombinationDrugs_atorvastatin-atorvastatin-metoprolol-valsartan-valsartan-40-80-50-320-320,0.0,0.0,blue
105,WindowCombinationDrugs_metoprolol-metoprolol-valsartan-50-50-320,0.0,0.0,blue
106,WindowCombinationDrugs_metoprolol-50,0.0,0.0,blue
108,WindowCombinationDrugs_metoprolol-100,0.0,0.0,blue
109,Drug_DailyDosage_DurationDose_metoprolol-100-30,0.0,0.0,blue
110,WindowCombinationDrugs_metoprolol-metoprolol-100-100,0.0,0.0,blue
127,WindowCombinationDrugs_metformin-simvastatin-1000-80,0.0,0.0,blue
111,Drug_DailyDosage_DurationDose_metoprolol-100-90,0.0,0.0,blue
114,Drug_DailyDosage_DurationDose_simvastatin-40-270,0.0,0.0,blue
115,WindowCombinationDrugs_losartan-metformin-metoprolol-simvastatin-100-1000-25-40,0.0,0.0,blue
117,Drug_DailyDosage_DurationDose_metformin-1000-30,0.0,0.0,blue
118,Drug_DailyDosage_DurationDose_metoprolol-25-180,0.0,0.0,blue
119,WindowCombinationDrugs_losartan-metformin-metoprolol-simvastatin-simvastatin-100-1000-25-40-40,0.0,0.0,blue
121,Drug_DailyDosage_DurationDose_metformin-1000-120,0.0,0.0,blue
122,WindowCombinationDrugs_atorvastatin-losartan-metformin-metoprolol-simvastatin-simvastatin-40-100-1000-25-40-40,0.0,0.0,blue
123,Drug_DailyDosage_DurationDose_atorvastatin-40-30,0.0,0.0,blue
124,WindowCombinationDrugs_atorvastatin-metoprolol-simvastatin-40-25-40,0.0,0.0,blue
125,WindowCombinationDrugs_metformin-metformin-simvastatin-1000-1000-80,0.0,0.0,blue
113,WindowCombinationDrugs_simvastatin-40,0.0,0.0,blue
265,WindowCombinationDrugs_losartan-losartan-simvastatin-50-50-40,0.0,0.0,blue
235,Drug_DailyDosage_DurationDose_irbesartan-300-90,0.0,0.0,blue
389,Drug_DailyDosage_DurationDose_metformin-500-10,0.0,0.0,blue
382,WindowCombinationDrugs_losartan-metformin-simvastatin-100-500-40,0.0,0.0,blue
383,WindowCombinationDrugs_losartan-losartan-losartan-metformin-metformin-simvastatin-simvastatin-100-100-100-500-500-40-40,0.0,0.0,blue
384,WindowCombinationDrugs_losartan-losartan-losartan-losartan-metformin-metformin-simvastatin-simvastatin-simvastatin-100-100-100-100-500-500-40-40-40,0.0,0.0,blue
385,WindowCombinationDrugs_metoprolol-rosuvastatin-50-10,0.0,0.0,blue
386,WindowCombinationDrugs_metoprolol-metoprolol-rosuvastatin-50-50-10,0.0,0.0,blue
387,WindowCombinationDrugs_atorvastatin-atorvastatin-metformin-metformin-metoprolol-metoprolol-20-20-500-500-50-50,0.0,0.0,blue
388,WindowCombinationDrugs_atorvastatin-metformin-metoprolol-20-500-50,0.0,0.0,blue
266,WindowCombinationDrugs_metformin-simvastatin-500-40,0.0,0.0,blue
390,WindowCombinationDrugs_atorvastatin-atorvastatin-metformin-metoprolol-metoprolol-20-20-500-50-50,0.0,0.0,blue
381,WindowCombinationDrugs_losartan-losartan-metformin-simvastatin-100-100-500-40,0.0,0.0,blue
455,WindowCombinationDrugs_losartan-nebivolol-nebivolol-simvastatin-simvastatin-100-5-10-40-40,0.0,0.0,blue
392,WindowCombinationDrugs_atenolol-simvastatin-50-40,0.0,0.0,blue
393,WindowCombinationDrugs_atenolol-atenolol-atenolol-simvastatin-simvastatin-50-50-50-40-40,0.0,0.0,blue
394,Drug_DailyDosage_DurationDose_atenolol-50-60,0.0,0.0,blue
395,WindowCombinationDrugs_atorvastatin-atorvastatin-metformin-40-20-2000,0.0,0.0,blue
396,WindowCombinationDrugs_atorvastatin-metformin-rosuvastatin-20-2000-40,0.0,0.0,blue
397,WindowCombinationDrugs_metformin-rosuvastatin-2000-40,0.0,0.0,blue
398,WindowCombinationDrugs_canagliflozin-canagliflozin-canagliflozin-metformin-rosuvastatin-rosuvastatin-100-300-100-2000-40-40,0.0,0.0,blue
399,Drug_DailyDosage_DurationDose_canagliflozin-100-90,0.0,0.0,blue
454,Drug_DailyDosage_DurationDose_nebivolol-5-150,0.0,0.0,blue
391,Drug_DailyDosage_DurationDose_atenolol-50-270,0.0,0.0,blue
380,WindowCombinationDrugs_losartan-metformin-metformin-metformin-metformin-metformin-simvastatin-100-500-500-500-500-500-40,0.0,0.0,blue
379,WindowCombinationDrugs_losartan-losartan-metformin-metformin-metformin-metformin-simvastatin-simvastatin-100-100-500-500-500-500-40-40,0.0,0.0,blue
378,WindowCombinationDrugs_metformin-metformin-metformin-simvastatin-simvastatin-500-500-500-40-40,0.0,0.0,blue
360,WindowCombinationDrugs_atorvastatin-metformin-40-1000,0.0,0.0,blue
458,Drug_DailyDosage_DurationDose_nebivolol-10-30,0.0,0.0,blue
361,WindowCombinationDrugs_metformin-metformin-rosuvastatin-2000-2000-10,0.0,0.0,blue
362,Drug_DailyDosage_DurationDose_rosuvastatin-10-30,0.0,0.0,blue
363,WindowCombinationDrugs_metformin-rosuvastatin-2000-10,0.0,0.0,blue
364,WindowCombinationDrugs_atenolol-atenolol-atorvastatin-atorvastatin-atorvastatin-atorvastatin-50-50-20-20-10-20,0.0,0.0,blue
365,Drug_DailyDosage_DurationDose_atorvastatin-20-1,0.0,0.0,blue
366,WindowCombinationDrugs_atenolol-atenolol-atorvastatin-50-50-10,0.0,0.0,blue
367,WindowCombinationDrugs_atenolol-atenolol-atenolol-atenolol-atorvastatin-50-50-50-50-10,0.0,0.0,blue
368,WindowCombinationDrugs_losartan-metoprolol-metoprolol-simvastatin-25-100-100-40,0.0,0.0,blue
369,Drug_DailyDosage_DurationDose_metoprolol-100-45,0.0,0.0,blue
370,WindowCombinationDrugs_losartan-metoprolol-simvastatin-simvastatin-100-100-40-40,0.0,0.0,blue
371,WindowCombinationDrugs_metoprolol-simvastatin-simvastatin-100-40-40,0.0,0.0,blue
372,WindowCombinationDrugs_metoprolol-simvastatin-100-40,0.0,0.0,blue
373,WindowCombinationDrugs_metoprolol-metoprolol-simvastatin-simvastatin-100-100-40-40,0.0,0.0,blue
374,WindowCombinationDrugs_pravastatin-pravastatin-pravastatin-40-40-40,0.0,0.0,blue
375,WindowCombinationDrugs_atorvastatin-metformin-metoprolol-40-500-50,0.0,0.0,blue
457,WindowCombinationDrugs_losartan-losartan-metoprolol-nebivolol-nebivolol-nebivolol-simvastatin-simvastatin-simvastatin-100-100-100-10-10-10-40-40-40,0.0,0.0,blue
376,WindowCombinationDrugs_atorvastatin-atorvastatin-atorvastatin-20-20-20,0.0,0.0,blue
377,WindowCombinationDrugs_pravastatin-pravastatin-pravastatin-20-20-20,0.0,0.0,blue
456,Drug_DailyDosage_DurationDose_nebivolol-10-180,0.0,0.0,blue
400,WindowCombinationDrugs_canagliflozin-canagliflozin-canagliflozin-metformin-rosuvastatin-rosuvastatin-rosuvastatin-rosuvastatin-100-300-100-2000-40-40-40-40,0.0,0.0,blue
401,Drug_DailyDosage_DurationDose_rosuvastatin-40-60,0.0,0.0,blue
402,drug_labetalol,0.0,0.0,blue
403,WindowCombinationDrugs_labetalol-600,0.0,0.0,blue
421,WindowCombinationDrugs_atorvastatin-atorvastatin-losartan-metformin-10-10-50-850,0.0,0.0,blue
422,WindowCombinationDrugs_atorvastatin-losartan-losartan-metformin-10-50-50-850,0.0,0.0,blue
423,WindowCombinationDrugs_atorvastatin-atorvastatin-atorvastatin-losartan-losartan-losartan-losartan-metformin-metformin-metformin-10-10-10-50-50-50-50-850-850-850,0.0,0.0,blue
444,Drug_DailyDosage_DurationDose_metformin-500-330,0.0,0.0,blue
425,Drug_DailyDosage_DurationDose_metformin-850-30,0.0,0.0,blue
443,WindowCombinationDrugs_atorvastatin-atorvastatin-losartan-losartan-losartan-losartan-metformin-metformin-10-10-100-100-100-100-500-500,0.0,0.0,blue
426,WindowCombinationDrugs_metformin-850,0.0,0.0,blue
427,WindowCombinationDrugs_atorvastatin-metformin-metformin-metformin-metformin-40-750-750-750-750,0.0,0.0,blue
428,Drug_DailyDosage_DurationDose_metformin-750-30,0.0,0.0,blue
429,Drug_DailyDosage_DurationDose_metformin-750-90,0.0,0.0,blue
430,WindowCombinationDrugs_atorvastatin-metformin-metformin-metformin-40-750-750-750,0.0,0.0,blue
431,WindowCombinationDrugs_atorvastatin-atorvastatin-metformin-40-40-750,0.0,0.0,blue
432,WindowCombinationDrugs_atorvastatin-atorvastatin-atorvastatin-metformin-metformin-40-40-40-750-750,0.0,0.0,blue
433,WindowCombinationDrugs_atorvastatin-metformin-40-750,0.0,0.0,blue
442,Drug_DailyDosage_DurationDose_losartan-100-150,0.0,0.0,blue
434,WindowCombinationDrugs_metformin-metformin-metformin-metformin-simvastatin-500-500-500-500-80,0.0,0.0,blue
441,WindowCombinationDrugs_atorvastatin-atorvastatin-losartan-olmesartan-simvastatin-10-40-100-40-40,0.0,0.0,blue
435,Drug_DailyDosage_DurationDose_simvastatin-80-30,0.0,0.0,blue
436,WindowCombinationDrugs_metformin-simvastatin-500-80,0.0,0.0,blue
440,WindowCombinationDrugs_atorvastatin-simvastatin-40-40,0.0,0.0,blue
437,WindowCombinationDrugs_simvastatin-80,0.0,0.0,blue
446,WindowCombinationDrugs_losartan-metformin-100-500,0.0,0.0,blue
439,WindowCombinationDrugs_pravastatin-pravastatin-pravastatin-pravastatin-40-40-40-40,0.0,0.0,blue
420,WindowCombinationDrugs_atorvastatin-losartan-10-50,0.0,0.0,blue
418,Drug_DailyDosage_DurationDose_metformin-500-540,0.0,0.0,blue
404,Drug_DailyDosage_DurationDose_labetalol-600-30,0.0,0.0,blue
405,WindowCombinationDrugs_labetalol-labetalol-600-600,0.0,0.0,blue
453,WindowCombinationDrugs_losartan-nebivolol-100-5,0.0,0.0,blue
406,Drug_DailyDosage_DurationDose_labetalol-600-90,0.0,0.0,blue
452,drug_nebivolol,0.0,0.0,blue
451,WindowCombinationDrugs_atenolol-atenolol-atorvastatin-25-25-20,0.0,0.0,blue
407,WindowCombinationDrugs_metformin-metformin-metformin-valsartan-1000-1000-1000-320,0.0,0.0,blue
408,Drug_DailyDosage_DurationDose_valsartan-320-135,0.0,0.0,blue
409,WindowCombinationDrugs_metformin-metformin-metformin-metformin-metformin-valsartan-valsartan-valsartan-1000-1000-1000-1000-1000-320-320-320,0.0,0.0,blue
410,WindowCombinationDrugs_metformin-metformin-metformin-valsartan-valsartan-1000-1000-1000-320-320,0.0,0.0,blue
411,WindowCombinationDrugs_metformin-metformin-metformin-metformin-1000-1000-1000-1000,0.0,0.0,blue
412,WindowCombinationDrugs_canagliflozin-metformin-metformin-metformin-metformin-metformin-metformin-valsartan-300-1000-1000-1000-1000-1000-1000-320,0.0,0.0,blue
450,WindowCombinationDrugs_atenolol-atenolol-atorvastatin-atorvastatin-25-25-10-10,0.0,0.0,blue
413,Drug_DailyDosage_DurationDose_valsartan-320-45,0.0,0.0,blue
414,WindowCombinationDrugs_metformin-simvastatin-simvastatin-2000-20-20,0.0,0.0,blue
449,Drug_DailyDosage_DurationDose_atorvastatin-10-270,0.0,0.0,blue
415,WindowCombinationDrugs_atenolol-telmisartan-50-80,0.0,0.0,blue
448,Drug_DailyDosage_DurationDose_atenolol-25-270,0.0,0.0,blue
447,WindowCombinationDrugs_atenolol-atorvastatin-atorvastatin-25-10-10,0.0,0.0,blue
416,WindowCombinationDrugs_atenolol-metformin-simvastatin-telmisartan-50-2000-20-80,0.0,0.0,blue
417,WindowCombinationDrugs_atorvastatin-losartan-metformin-40-100-500,0.0,0.0,blue
419,WindowCombinationDrugs_atorvastatin-metformin-40-500,0.0,0.0,blue
358,WindowCombinationDrugs_atorvastatin-metformin-simvastatin-40-1000-20,0.0,0.0,blue
359,WindowCombinationDrugs_atorvastatin-metformin-metformin-simvastatin-40-1000-1000-20,0.0,0.0,blue
356,WindowCombinationDrugs_bisoprolol-metformin-5-500,0.0,0.0,blue
292,WindowCombinationDrugs_metformin-simvastatin-1000-40,0.0,0.0,blue
293,WindowCombinationDrugs_metformin-simvastatin-simvastatin-1000-40-20,0.0,0.0,blue
464,WindowCombinationDrugs_losartan-losartan-simvastatin-simvastatin-100-100-80-80,0.0,0.0,blue
295,WindowCombinationDrugs_simvastatin-simvastatin-40-20,0.0,0.0,blue
296,WindowCombinationDrugs_rosuvastatin-40,0.0,0.0,blue
297,WindowCombinationDrugs_metformin-metformin-metformin-1000-500-500,0.0,0.0,blue
298,WindowCombinationDrugs_rosuvastatin-rosuvastatin-40-20,0.0,0.0,blue
463,WindowCombinationDrugs_losartan-losartan-simvastatin-simvastatin-simvastatin-100-100-80-80-80,0.0,0.0,blue
300,drug_canagliflozin,0.0,0.0,blue
301,drug_dapagliflozin,0.0,0.0,blue
302,WindowCombinationDrugs_canagliflozin-dapagliflozin-metformin-rosuvastatin-rosuvastatin-300-10-500-40-20,0.0,0.0,blue
303,Drug_DailyDosage_DurationDose_canagliflozin-300-30,0.0,0.0,blue
304,Drug_DailyDosage_DurationDose_dapagliflozin-10-30,0.0,0.0,blue
305,WindowCombinationDrugs_canagliflozin-canagliflozin-dapagliflozin-metformin-300-300-10-500,0.0,0.0,blue
306,Drug_DailyDosage_DurationDose_canagliflozin-300-90,0.0,0.0,blue
307,WindowCombinationDrugs_atenolol-atenolol-losartan-losartan-simvastatin-simvastatin-100-100-100-100-40-40,0.0,0.0,blue
462,WindowCombinationDrugs_atenolol-metformin-50-500,0.0,0.0,blue
308,WindowCombinationDrugs_atenolol-atenolol-atenolol-atenolol-losartan-losartan-simvastatin-simvastatin-simvastatin-simvastatin-100-100-100-100-100-100-40-40-40-40,0.0,0.0,blue
309,WindowCombinationDrugs_atenolol-atenolol-atenolol-atenolol-atenolol-atenolol-losartan-losartan-losartan-losartan-losartan-losartan-simvastatin-simvastatin-simvastatin-simvastatin-simvastatin-simvastatin-100-100-100-100-100-100-100-100-100-100-100-100-40-40-40-40-40-40,0.0,0.0,blue
310,Drug_DailyDosage_DurationDose_atenolol-100-30,0.0,0.0,blue
311,WindowCombinationDrugs_atenolol-atenolol-atenolol-losartan-losartan-losartan-simvastatin-simvastatin-simvastatin-100-100-100-100-100-100-40-40-40,0.0,0.0,blue
291,WindowCombinationDrugs_atorvastatin-olmesartan-olmesartan-20-40-40,0.0,0.0,blue
357,WindowCombinationDrugs_atorvastatin-atorvastatin-metformin-40-40-500,0.0,0.0,blue
290,WindowCombinationDrugs_atorvastatin-olmesartan-olmesartan-olmesartan-20-40-40-40,0.0,0.0,blue
288,Drug_DailyDosage_DurationDose_olmesartan-40-90,0.0,0.0,blue
267,WindowCombinationDrugs_losartan-metformin-50-2000,0.0,0.0,blue
268,WindowCombinationDrugs_carvedilol-50,0.0,0.0,blue
269,WindowCombinationDrugs_carvedilol-carvedilol-carvedilol-50-50-6.25,0.0,0.0,blue
270,Drug_DailyDosage_DurationDose_carvedilol-6.25-30,0.0,0.0,blue
271,WindowCombinationDrugs_pravastatin-20,0.0,0.0,blue
272,WindowCombinationDrugs_pravastatin-pravastatin-20-20,0.0,0.0,blue
273,Drug_DailyDosage_DurationDose_pravastatin-20-60,0.0,0.0,blue
274,WindowCombinationDrugs_atenolol-atenolol-atenolol-50-50-50,0.0,0.0,blue
275,WindowCombinationDrugs_atenolol-atenolol-atenolol-atenolol-atorvastatin-metformin-50-50-50-50-20-2000,0.0,0.0,blue
276,WindowCombinationDrugs_atenolol-atenolol-atenolol-atorvastatin-atorvastatin-atorvastatin-metformin-metformin-metformin-metformin-50-50-50-20-20-20-2000-2000-1700-2000,0.0,0.0,blue
277,Drug_DailyDosage_DurationDose_metformin-1700-90,0.0,0.0,blue
278,WindowCombinationDrugs_atenolol-atenolol-atenolol-atorvastatin-atorvastatin-atorvastatin-metformin-metformin-metformin-metformin-50-50-50-20-20-20-2000-1700-2000-1700,0.0,0.0,blue
279,WindowCombinationDrugs_atenolol-atorvastatin-metformin-50-20-1700,0.0,0.0,blue
280,WindowCombinationDrugs_atorvastatin-carvedilol-simvastatin-80-12.5-40,0.0,0.0,blue
281,Drug_DailyDosage_DurationDose_atorvastatin-80-150,0.0,0.0,blue
465,WindowCombinationDrugs_losartan-50,0.0,0.0,blue
283,WindowCombinationDrugs_atorvastatin-carvedilol-simvastatin-20-12.5-40,0.0,0.0,blue
284,Drug_DailyDosage_DurationDose_atorvastatin-20-180,0.0,0.0,blue
285,WindowCombinationDrugs_atorvastatin-atorvastatin-atorvastatin-20-40-20,0.0,0.0,blue
286,WindowCombinationDrugs_atorvastatin-carvedilol-40-12.5,0.0,0.0,blue
287,WindowCombinationDrugs_atorvastatin-olmesartan-20-40,0.0,0.0,blue
289,WindowCombinationDrugs_atorvastatin-atorvastatin-olmesartan-olmesartan-olmesartan-olmesartan-olmesartan-20-20-40-40-40-40-40,0.0,0.0,blue
312,WindowCombinationDrugs_atenolol-losartan-simvastatin-100-100-40,0.0,0.0,blue
438,WindowCombinationDrugs_pravastatin-pravastatin-40-40,0.0,0.0,blue
314,WindowCombinationDrugs_metformin-metformin-metformin-metformin-metoprolol-metoprolol-rosuvastatin-500-1000-1000-1000-25-25-10,0.0,0.0,blue
337,WindowCombinationDrugs_losartan-simvastatin-100-40,0.0,0.0,blue
338,WindowCombinationDrugs_simvastatin-simvastatin-40-40,0.0,0.0,blue
339,WindowCombinationDrugs_simvastatin-10,0.0,0.0,blue
340,WindowCombinationDrugs_simvastatin-simvastatin-10-10,0.0,0.0,blue
341,drug_telmisartan,0.0,0.0,blue
342,WindowCombinationDrugs_losartan-telmisartan-100-80,0.0,0.0,blue
343,Drug_DailyDosage_DurationDose_telmisartan-80-90,0.0,0.0,blue
344,WindowCombinationDrugs_losartan-simvastatin-telmisartan-100-10-80,0.0,0.0,blue
345,WindowCombinationDrugs_metformin-metformin-500-500,0.0,0.0,blue
346,WindowCombinationDrugs_rosuvastatin-20,0.0,0.0,blue
347,WindowCombinationDrugs_rosuvastatin-rosuvastatin-20-20,0.0,0.0,blue
348,WindowCombinationDrugs_metformin-metformin-metformin-metformin-metformin-500-500-500-500-1000,0.0,0.0,blue
349,WindowCombinationDrugs_metformin-metformin-metformin-metformin-metformin-1000-1000-1000-500-500,0.0,0.0,blue
350,Drug_DailyDosage_DurationDose_metformin-1000-60,0.0,0.0,blue
351,WindowCombinationDrugs_metformin-metformin-metformin-metformin-1000-500-1000-500,0.0,0.0,blue
352,Drug_DailyDosage_DurationDose_metformin-1000-180,0.0,0.0,blue
353,WindowCombinationDrugs_atorvastatin-atorvastatin-atorvastatin-metformin-metformin-metformin-metformin-metformin-40-40-40-500-500-500-500-500,0.0,0.0,blue
354,Drug_DailyDosage_DurationDose_atorvastatin-40-150,0.0,0.0,blue
460,WindowCombinationDrugs_losartan-simvastatin-simvastatin-100-40-40,0.0,0.0,blue
459,WindowCombinationDrugs_losartan-losartan-metoprolol-nebivolol-simvastatin-simvastatin-100-100-100-10-40-40,0.0,0.0,blue
355,Drug_DailyDosage_DurationDose_metformin-500-120,0.0,0.0,blue
313,WindowCombinationDrugs_metformin-simvastatin-2000-40,0.0,0.0,blue
335,WindowCombinationDrugs_losartan-lovastatin-metformin-metformin-simvastatin-50-40-500-500-40,0.0,0.0,blue
336,WindowCombinationDrugs_losartan-metformin-metformin-simvastatin-100-500-500-40,0.0,0.0,blue
333,WindowCombinationDrugs_losartan-losartan-lovastatin-metformin-50-50-40-500,0.0,0.0,blue
461,WindowCombinationDrugs_atenolol-losartan-metformin-50-100-500,0.0,0.0,blue
315,Drug_DailyDosage_DurationDose_rosuvastatin-10-84,0.0,0.0,blue
316,WindowCombinationDrugs_metformin-metformin-metformin-rosuvastatin-1000-1000-1000-10,0.0,0.0,blue
318,WindowCombinationDrugs_rosuvastatin-rosuvastatin-10-10,0.0,0.0,blue
319,Drug_DailyDosage_DurationDose_rosuvastatin-10-108,0.0,0.0,blue
320,Drug_DailyDosage_DurationDose_rosuvastatin-10-120,0.0,0.0,blue
321,WindowCombinationDrugs_metformin-metformin-metoprolol-500-500-25,0.0,0.0,blue
334,Drug_DailyDosage_DurationDose_losartan-50-30,0.0,0.0,blue
323,Drug_DailyDosage_DurationDose_simvastatin-5-30,0.0,0.0,blue
322,WindowCombinationDrugs_simvastatin-5,0.0,0.0,blue
324,WindowCombinationDrugs_simvastatin-20,0.0,0.0,blue
325,WindowCombinationDrugs_simvastatin-simvastatin-20-20,0.0,0.0,blue
326,WindowCombinationDrugs_irbesartan-irbesartan-metformin-pravastatin-150-150-2000-40,0.0,0.0,blue
327,Drug_DailyDosage_DurationDose_irbesartan-150-90,0.0,0.0,blue
328,Drug_DailyDosage_DurationDose_pravastatin-40-270,0.0,0.0,blue
329,WindowCombinationDrugs_irbesartan-metformin-pravastatin-150-2000-40,0.0,0.0,blue
330,WindowCombinationDrugs_pravastatin-40,0.0,0.0,blue
331,WindowCombinationDrugs_metformin-pravastatin-valsartan-2000-40-160,0.0,0.0,blue
332,WindowCombinationDrugs_lovastatin-metformin-40-500,0.0,0.0,blue
107,WindowCombinationDrugs_atorvastatin-20,0.0007941238,-0.5355164210745165,blue
317,WindowCombinationDrugs_metoprolol-25,0.0013720347,0.4460717290563528,red
264,Drug_DailyDosage_DurationDose_losartan-50-90,0.0015545972,-0.5400561678394384,blue
212,WindowCombinationDrugs_carvedilol-pravastatin-6.25-20,0.0016381034,-0.9931990231721224,blue
116,Drug_DailyDosage_DurationDose_losartan-100-30,0.0018414303,0.7213594217705555,red
567,Drug_DailyDosage_DurationDose_rosuvastatin-20-270,0.0018561386,0.9484942452673146,red
674,WindowCombinationDrugs_atorvastatin-metoprolol-80-50,0.0019084872,0.6501490141429208,red
89,drug_valsartan,0.0019667924,-0.5068828528301386,blue
445,WindowCombinationDrugs_atorvastatin-metformin-10-500,0.0021088773,0.46228222854578216,red
95,Drug_DailyDosage_DurationDose_valsartan-320-30,0.00233667,0.8940641498689449,red
72,WindowCombinationDrugs_atorvastatin-10,0.0023950182,-0.9605604756103698,blue
172,Drug_DailyDosage_DurationDose_simvastatin-10-90,0.0024847062,0.33572313509278456,red
214,Drug_DailyDosage_DurationDose_pravastatin-20-30,0.002651707,0.4995563587664174,red
130,WindowCombinationDrugs_carvedilol-25,0.0029433644,0.8679552935466925,red
147,Drug_DailyDosage_DurationDose_atenolol-50-90,0.0032439176,0.7441453077068249,red
530,Drug_DailyDosage_DurationDose_lovastatin-20-90,0.0035731501,0.2953963390865226,red
164,Drug_DailyDosage_DurationDose_metoprolol-200-90,0.0036062268,-0.8913362115051218,blue
17,bp_class_Normal,0.003614833,-0.05187363224842523,blue
83,drug_carvedilol,0.0037651611,-0.5886961860569117,blue
64,Drug_DailyDosage_DurationDose_atorvastatin-20-30,0.0047015916,-0.670485223294512,blue
144,drug_atenolol,0.0050737946,-0.38429910972566667,blue
299,Drug_DailyDosage_DurationDose_rosuvastatin-20-90,0.0062349797,-0.9687691356834655,blue
101,Drug_DailyDosage_DurationDose_metoprolol-50-30,0.006848672,0.8780231863014281,red
294,Drug_DailyDosage_DurationDose_simvastatin-20-90,0.00910727,-0.8480548499121411,blue
4,is_diabetes_prediabetes,0.009300307,0.43759757257100934,red
51,Drug_DailyDosage_DurationDose_atorvastatin-10-90,0.009689624,0.8794116612442648,red
49,drug_metformin,0.009768119,0.3142248684474164,red
37,race_Asian,0.011363897,-0.7784641047751029,blue
529,WindowCombinationDrugs_lovastatin-20,0.013945868,0.7872076626325488,red
171,Drug_DailyDosage_DurationDose_metformin-500-90,0.014407629,-0.7651556096685995,blue
120,Drug_DailyDosage_DurationDose_simvastatin-40-90,0.0144194225,0.7841056119039781,red
424,Drug_DailyDosage_DurationDose_atorvastatin-10-30,0.015065168,0.8719226971843008,red
69,drug_rosuvastatin,0.015904201,-0.8244527849743235,blue
282,Drug_DailyDosage_DurationDose_simvastatin-40-30,0.018262366,-0.9329201369396741,blue
222,Drug_DailyDosage_DurationDose_carvedilol-25-90,0.018703392,0.9586356453968872,red
24,LDL_class_NearNormal,0.020838495,-0.14020002559650854,blue
22,LDL_class_BorderlineHigh,0.02805068,0.6295231998742422,red
8,hgb_class_Normal,0.028400702,0.6997533248431149,red
48,drug_losartan,0.029613484,-0.7867623690770094,blue
15,bp_class_Hypertension2,0.0377354,-0.400009946053882,blue
18,bp_is_controlled_0,0.03941364,0.7236137659646877,red
98,Drug_DailyDosage_DurationDose_metoprolol-50-90,0.03956064,0.8398922851152487,red
67,Drug_DailyDosage_DurationDose_atorvastatin-40-90,0.044382878,-0.8871188218996919,blue
31,gfr_class_G2,0.04530262,-0.7810669554332909,blue
53,Drug_DailyDosage_DurationDose_metformin-1000-90,0.046468105,-0.8932992839174839,blue
6,hgb_class_High,0.048228,-0.801631342770819,blue
41,race_White,0.05350932,0.06247013475818459,red
112,drug_simvastatin,0.053511374,-0.7894602867203423,blue
13,bp_class_Elevated,0.055055216,-0.7928408809032621,blue
45,WindowNumberDrugs,0.057306197,0.6781820121696779,red
57,Drug_DailyDosage_DurationDose_losartan-100-90,0.057549946,-0.8119204202669486,blue
40,race_Unknown,0.057567347,0.5052672839621533,red
32,gfr_class_G3a,0.06637558,-0.46422202891982456,blue
39,race_Hispanic,0.07173827,0.8070772831725108,red
44,durationDose,0.07271872,-0.27843222467873047,blue
74,drug_pravastatin,0.08791819,0.7508718099669557,red
14,bp_class_Hypertension1,0.09021306,0.8914324173134027,red
7,hgb_class_Low,0.09479336,0.6180922196048702,red
47,drug_atorvastatin,0.09914497,-0.7939641776648464,blue
96,drug_metoprolol,0.11952482,0.8048778682325451,red
38,race_Black,0.123940766,-0.8878019638746248,blue
29,gfr_evolution,0.1522134,-0.03447992038451289,blue
46,TotalDailyDosage,0.19422722,0.5279203512928066,red
42,gender_Female,0.29533526,-0.890908769972849,blue
10,dbp_value,0.3151499,-0.08087389920307525,blue
33,gfr_class_G3b,0.41447577,-0.9192596261525289,blue
9,sbp_value,0.4966404,0.7683684325237444,red
20,ldl_value,0.5709384,0.2952687450729134,red
27,creatinine_value,0.61079216,0.3520788575135825,red
28,GFR,0.6221292,0.7682753111837484,red
5,hgb_value,0.7928194,-0.6895081342228517,blue
0,glucose_value,0.82311696,0.5510468303270576,red
36,age,0.8803236,-0.320320059714322,blue
